code,scale
000082.OF,332450125.01 
000309.OF,499909183.02 
000409.OF,575370184.21 
000411.OF,259918569.16 
000418.OF,77265493.80 
000457.OF,614050488.96 
000471.OF,4937756110.87 
000513.OF,1178364531.13 
000524.OF,743132843.79 
000549.OF,499145336.87 
000577.OF,95409917.96 
000586.OF,475030892.09 
000592.OF,284814420.22 
000594.OF,81999000.56 
000628.OF,176432728.49 
000688.OF,72101445.62 
000696.OF,4192257423.87 
000697.OF,10835414074.28 
000711.OF,1998560577.61 
000729.OF,416361948.68 
000746.OF,1246345557.69 
000751.OF,866842133.50 
000756.OF,138209660.79 
000761.OF,28768946.24 
000778.OF,250012926.83 
000780.OF,3003379021.42 
000793.OF,2928022884.28 
000803.OF,248557059.73 
000828.OF,144072021.41 
000831.OF,5683196518.34 
000854.OF,372862440.90 
000866.OF,1037100097.62 
000867.OF,306271619.36 
000884.OF,384904504.30 
000893.OF,4042573299.30 
000913.OF,1932829637.07 
000916.OF,485058959.77 
000925.OF,5606267553.71 
000955.OF,2541351365.59 
000960.OF,1449597174.75 
000971.OF,819264237.47 
000974.OF,323492681.64 
000978.OF,860802109.35 
000979.OF,5929529094.31 
000985.OF,2312493032.36 
000991.OF,1081754597.97 
000996.OF,3993457673.63 
001008.OF,3342791221.78 
001009.OF,1386226177.87 
001028.OF,2144158508.77 
001036.OF,3244383865.51 
001039.OF,2926151356.02 
001040.OF,1490968118.60 
001042.OF,4286934400.74 
001043.OF,882667302.76 
001044.OF,1854838504.45 
001047.OF,1867675157.48 
001048.OF,4274923920.27 
001050.OF,1637875359.41 
001054.OF,2010572864.18 
001070.OF,922027129.87 
001072.OF,1927334952.56 
001097.OF,651200172.91 
001104.OF,3893313537.77 
001105.OF,971805931.09 
001126.OF,2303230358.48 
001158.OF,3922389395.49 
001162.OF,43247380.07 
001163.OF,1859206020.48 
001166.OF,4645747679.24 
001167.OF,1222238046.38 
001171.OF,985075801.23 
001178.OF,660632502.15 
001186.OF,2696908478.30 
001188.OF,2477362272.33 
001193.OF,456069935.59 
001195.OF,1255793020.44 
001208.OF,2275170427.29 
001223.OF,245577986.82 
001230.OF,2323266482.75 
001236.OF,2027535176.61 
001245.OF,2565238738.52 
001277.OF,2381655961.06 
001291.OF,1794884099.80 
001313.OF,2659134824.86 
001319.OF,3392617653.07 
001396.OF,2290884646.44 
001404.OF,3335819133.98 
001409.OF,11174016894.82 
001410.OF,95132071.37 
001416.OF,12129259589.23 
001421.OF,247094411.62 
001473.OF,139115514.38 
001476.OF,4140493579.11 
001482.OF,184880717.57 
001490.OF,1998514850.78 
001496.OF,560157159.47 
001521.OF,341165828.86 
001528.OF,145171777.54 
001541.OF,1233186027.43 
001542.OF,476803027.98 
001577.OF,465873410.06 
001583.OF,36398831.34 
001605.OF,259338517.49 
001616.OF,1747570811.61 
001626.OF,139928807.19 
001628.OF,137077407.85 
001637.OF,1173483161.30 
001638.OF,1045.55 
001643.OF,288122090.64 
001644.OF,117619763.80 
001645.OF,318398495.50 
001651.OF,153332620.52 
001663.OF,146146572.77 
001672.OF,1039386120.73 
001677.OF,236136923.85 
001692.OF,339767416.42 
001705.OF,680197629.24 
001714.OF,417551641.94 
001717.OF,220927022.51 
001718.OF,250359089.22 
001719.OF,300600585.47 
001726.OF,2742523611.74 
001736.OF,501170145.78 
001766.OF,305883389.86 
001781.OF,374969944.42 
001849.OF,108389383.56 
001877.OF,296507809.53 
001878.OF,
001915.OF,577337403.48 
001917.OF,
001938.OF,27337387.07 
001956.OF,250881709.35 
001975.OF,
002168.OF,222404048.55 
002210.OF,202623996.52 
002229.OF,
002300.OF,332250861.92 
002334.OF,
002335.OF,
110022.OF,725310695.60 
160127.OF,234728338.96 
160133.OF,674243716.18 
160919.OF,935271758.09 
162208.OF,725677306.91 
163110.OF,628471217.04 
165310.OF,245197870.69 
206012.OF,63114135.81 
320022.OF,1133394996.96 
340006.OF,4244452643.50 
360001.OF,3875648536.34 
376510.OF,226235029.51 
399011.OF,71407043.40 
450009.OF,424531300.14 
519195.OF,258751398.11 
519606.OF,512890291.53 
519673.OF,957783099.38 
519714.OF,36574694.93 
519965.OF,111142362.97 
519975.OF,291994381.68 
540006.OF,1859294322.24 
540007.OF,111813628.66 
540008.OF,1222119735.55 
540009.OF,170518338.12 
540010.OF,1123781070.36 
960000.OF,537662.44 
000008.OF,412998055.18 
000051.OF,11387961850.53 
000059.OF,323786279.20 
000248.OF,1237395552.69 
000368.OF,285698293.05 
000373.OF,33238282.11 
000376.OF,11099062.43 
000596.OF,1254488027.15 
000613.OF,889901612.24 
000656.OF,4764423.43 
000826.OF,575141704.33 
000827.OF,1096452770.19 
000835.OF,113350672.49 
000942.OF,373525927.58 
000950.OF,1003720916.50 
000961.OF,463186640.21 
000962.OF,654915385.08 
000968.OF,156805416.22 
000975.OF,120843121.83 
001051.OF,487594703.26 
001052.OF,888073223.71 
001064.OF,1382531003.96 
001113.OF,7620787946.05 
001133.OF,530436471.97 
001149.OF,5945526.92 
001180.OF,739273534.53 
001214.OF,284391327.05 
001237.OF,108039805.44 
001241.OF,252618349.78 
001242.OF,1598152018.78 
001243.OF,342719054.65 
001351.OF,212709946.91 
001361.OF,803463050.33 
001420.OF,1402777923.21 
001426.OF,152033246.83 
001455.OF,102367307.43 
001458.OF,17866829.88 
001459.OF,20047313.35 
001460.OF,42311583.28 
001469.OF,85186979.94 
001539.OF,71639951.48 
001548.OF,8285942.54 
001549.OF,4498989.12 
001550.OF,38048708.46 
001551.OF,4412519.99 
001552.OF,42371981.17 
001553.OF,4269369.59 
001554.OF,29573475.62 
001555.OF,3912702.96 
001556.OF,17464113.07 
001557.OF,4752273.64 
001558.OF,8206993.66 
001559.OF,3902988.68 
001560.OF,20929932.02 
001561.OF,4057887.01 
001586.OF,5682621.48 
001587.OF,4528914.30 
001588.OF,5694251.02 
001589.OF,4539961.10 
001590.OF,21861232.74 
001591.OF,4852300.10 
001592.OF,36395234.33 
001593.OF,5270436.24 
001594.OF,10956645.76 
001595.OF,5209913.06 
001599.OF,18754736.56 
001600.OF,5428065.46 
001611.OF,7867764.35 
001612.OF,4836913.97 
001617.OF,6528926.59 
001618.OF,5190872.17 
001629.OF,12695553.60 
001630.OF,5141799.60 
001631.OF,28990335.71 
001632.OF,5323623.68 
001713.OF,333158464.17 
001899.OF,222652239.45 
002199.OF,162722295.04 
002236.OF,326586450.16 
020011.OF,1975937135.24 
020021.OF,473427018.56 
040180.OF,612788150.52 
040190.OF,129051050.46 
050013.OF,225311241.31 
050021.OF,37421721.73 
050024.OF,36815045.90 
070023.OF,86027149.37 
070030.OF,174518372.07 
090010.OF,107351457.00 
090012.OF,226824716.05 
100053.OF,158571987.72 
110019.OF,2969601920.50 
110020.OF,4382241861.92 
110021.OF,269075943.80 
110026.OF,1000152511.28 
159901.OF,5889978023.87 
159902.OF,2944582782.07 
159903.OF,626189343.36 
159905.OF,288340881.25 
159906.OF,219251775.18 
159907.OF,330714161.30 
159908.OF,44418393.24 
159909.OF,89877465.38 
159910.OF,86249716.98 
159911.OF,73315031.82 
159912.OF,86931539.99 
159913.OF,50563338.23 
159915.OF,4131209464.55 
159916.OF,93695098.56 
159918.OF,172214937.48 
159919.OF,20551889309.33 
159921.OF,37457444.88 
159922.OF,867281040.59 
159923.OF,54807654.05 
159924.OF,87459376.25 
159925.OF,1242792956.84 
159927.OF,38168082.55 
159928.OF,1202828001.42 
159929.OF,124676779.79 
159930.OF,11904165.48 
159931.OF,53190649.99 
159932.OF,42855510.49 
159933.OF,464871253.97 
159935.OF,120120868.55 
159936.OF,500420011.04 
159938.OF,782271105.48 
159939.OF,589109804.30 
159940.OF,173576255.67 
159942.OF,123479073.00 
159943.OF,763719894.04 
159944.OF,109565034.09 
159945.OF,110061462.33 
159946.OF,50762576.45 
160119.OF,5701544856.19 
160135.OF,211108569.04 
160136.OF,549736119.64 
160137.OF,339831703.50 
160218.OF,2431147938.31 
160219.OF,9327953661.61 
160221.OF,1933303653.35 
160222.OF,1929135668.51 
160224.OF,354215182.26 
160225.OF,42123554.45 
160415.OF,35393103.49 
160417.OF,3715152.29 
160418.OF,69448723.49 
160419.OF,178708882.86 
160420.OF,22519692.95 
160516.OF,262555956.83 
160517.OF,103998039.39 
160615.OF,286160242.57 
160616.OF,357093075.66 
160620.OF,464558852.62 
160625.OF,2967881207.05 
160626.OF,669583211.69 
160628.OF,485671503.85 
160629.OF,1458408613.11 
160630.OF,12542012122.13 
160631.OF,7610957192.53 
160632.OF,406519109.34 
160633.OF,5841433319.80 
160634.OF,247121666.90 
160635.OF,38308474.27 
160636.OF,303032183.72 
160637.OF,1096001992.12 
160638.OF,693010425.85 
160639.OF,477955846.94 
160640.OF,81381076.36 
160706.OF,18191699935.56 
160716.OF,1143659441.95 
160806.OF,254916651.74 
160807.OF,87861171.31 
160808.OF,24058143.47 
160809.OF,47443904.56 
160814.OF,438672604.45 
161022.OF,7793012350.39 
161024.OF,31174776521.16 
161025.OF,2757233429.59 
161026.OF,19586061778.85 
161027.OF,5197463348.03 
161028.OF,5486790156.61 
161029.OF,962416406.06 
161030.OF,429387766.49 
161031.OF,3933188302.44 
161032.OF,304710920.76 
161033.OF,219847343.89 
161118.OF,667789189.92 
161121.OF,169026706.17 
161122.OF,289377512.19 
161123.OF,3074949280.48 
161207.OF,134800366.53 
161211.OF,481844253.51 
161213.OF,73393724.88 
161217.OF,119137661.73 
161223.OF,166546125.15 
161227.OF,1002643395.81 
161604.OF,6576144170.26 
161612.OF,201876373.75 
161628.OF,232989854.40 
161629.OF,759908243.13 
161630.OF,38682622.79 
161715.OF,22974219.13 
161718.OF,25172171.93 
161720.OF,688592242.33 
161721.OF,100355072.99 
161723.OF,389767592.92 
161724.OF,243901072.17 
161725.OF,281029802.79 
161726.OF,547468758.88 
161811.OF,160892966.96 
161812.OF,5237633008.93 
161816.OF,324469110.96 
161819.OF,158168479.35 
161832.OF,8703340.06 
161833.OF,17671708.18 
161907.OF,56936173.46 
161910.OF,32370936.90 
162010.OF,37451426.10 
162107.OF,15062606.52 
162213.OF,112814185.95 
162216.OF,51380292.18 
162307.OF,160203857.90 
162412.OF,539930765.20 
162413.OF,164103581.50 
162509.OF,374083505.44 
162510.OF,24541187.92 
162711.OF,1648215841.76 
162714.OF,67905551.67 
162907.OF,57171748.61 
163109.OF,2181043592.42 
163111.OF,666361929.44 
163113.OF,10543504883.35 
163114.OF,2197763599.59 
163115.OF,3998216638.70 
163116.OF,794401026.88 
163117.OF,150928873.25 
163118.OF,1490246095.63 
163209.OF,22956574.18 
163821.OF,41220062.29 
164304.OF,322374483.44 
164401.OF,73279830.49 
164402.OF,132909797.22 
164403.OF,26865941.68 
164809.OF,58992246.12 
164811.OF,39480021.11 
164818.OF,349601350.49 
164819.OF,120648026.65 
164820.OF,312418522.11 
164821.OF,93055939.06 
164905.OF,809486656.50 
164907.OF,301357003.80 
164908.OF,90485020.76 
165309.OF,502977003.02 
165312.OF,620995438.99 
165315.OF,83968187.82 
165316.OF,45315032.08 
165511.OF,620984123.29 
165515.OF,1379463119.68 
165519.OF,281652189.88 
165520.OF,446001175.46 
165521.OF,3116269475.68 
165522.OF,643226701.60 
165523.OF,389305357.83 
165524.OF,176763279.50 
165525.OF,41099051.91 
165707.OF,18176684.35 
166802.OF,61041876.37 
167301.OF,300878163.22 
167503.OF,726136994.31 
167601.OF,34029107.82 
168001.OF,151648416.50 
168201.OF,1453678178.50 
168202.OF,52792712.84 
168203.OF,69408598.55 
168204.OF,210394627.16 
168205.OF,420974984.40 
180033.OF,109965865.86 
202015.OF,975328991.67 
202017.OF,392312929.28 
202021.OF,825380942.16 
202025.OF,258451525.80 
206005.OF,87541817.13 
206010.OF,58811048.33 
217016.OF,60395652.17 
217017.OF,174742271.17 
217019.OF,89020859.26 
217027.OF,27767401.81 
240014.OF,476359203.32 
240016.OF,151320455.04 
240019.OF,68217766.66 
257060.OF,139105468.81 
263001.OF,92348037.00 
270010.OF,1196121913.60 
270026.OF,305636553.81 
290010.OF,74882209.65 
310398.OF,159561824.36 
320010.OF,146390732.01 
320014.OF,87893661.97 
370023.OF,22668408.03 
410008.OF,38494461.13 
460220.OF,12667972.67 
460300.OF,1685101956.96 
470007.OF,1607876385.06 
470068.OF,67382414.16 
481009.OF,2794436811.74 
481012.OF,206990136.13 
501002.OF,242603600.38 
501005.OF,1634377652.64 
501006.OF,186823876.78 
502000.OF,6066592.05 
502003.OF,898698772.32 
502006.OF,895518736.79 
502010.OF,1320139446.40 
502013.OF,1523131517.16 
502016.OF,21456886.24 
502020.OF,36326264.78 
502023.OF,10262754.16 
502026.OF,10061544.83 
502030.OF,42704694.78 
502036.OF,253919727.80 
502040.OF,41145107.79 
502048.OF,914286767.50 
502053.OF,129675439.27 
502056.OF,204086718.12 
510010.OF,673466951.24 
510020.OF,259462764.50 
510030.OF,178559187.19 
510050.OF,30151372157.60 
510060.OF,298582447.51 
510070.OF,99790239.57 
510090.OF,122051416.60 
510110.OF,56690773.81 
510120.OF,41152870.35 
510130.OF,338701329.07 
510150.OF,179089528.10 
510160.OF,833372224.74 
510170.OF,162307571.94 
510180.OF,19225427298.39 
510190.OF,145767874.93 
510210.OF,172274292.00 
510220.OF,34111542.80 
510230.OF,3601247306.84 
510260.OF,106874679.24 
510270.OF,28781447.73 
510280.OF,77632533.62 
510290.OF,306487944.53 
510300.OF,21857224600.35 
510310.OF,4329738427.88 
510330.OF,17947647043.39 
510360.OF,29173378.67 
510410.OF,82637281.20 
510420.OF,237075247.42 
510430.OF,110467558.94 
510440.OF,53113263.00 
510450.OF,9207058.95 
510500.OF,20475912485.14 
510510.OF,1660385897.48 
510520.OF,206344149.55 
510560.OF,534464068.10 
510580.OF,13263023.94 
510610.OF,37933884.01 
510620.OF,38177012.64 
510630.OF,303873060.18 
510650.OF,128531138.67 
510660.OF,195309460.18 
510680.OF,6372260.73 
510710.OF,204230144.22 
510880.OF,644360845.79 
512010.OF,43242051.03 
512070.OF,1465726423.13 
512110.OF,3230032.37 
512120.OF,76108073.01 
512210.OF,109796781.10 
512220.OF,764308114.05 
512230.OF,74034707.50 
512300.OF,101950044.90 
512310.OF,136279910.55 
512330.OF,38955258.86 
512340.OF,105096033.83 
512500.OF,1146121335.95 
512510.OF,483789562.68 
512600.OF,15540575.65 
512610.OF,56426050.67 
512640.OF,72468018.44 
512990.OF,532370493.60 
519027.OF,37699477.46 
519032.OF,31027119.30 
519034.OF,39790381.99 
519100.OF,413016262.10 
519117.OF,74794224.93 
519180.OF,1886844800.52 
519300.OF,2299897522.96 
519671.OF,178266858.90 
519677.OF,620928358.11 
519686.OF,688086325.05 
519706.OF,48478637.14 
530010.OF,126287599.84 
530015.OF,97901342.57 
540012.OF,53662883.15 
585001.OF,163174223.95 
660008.OF,939611791.18 
660011.OF,94017581.42 
690008.OF,64289695.59 
740101.OF,91091457.16 
000042.OF,28042053.60 
000176.OF,321365523.34 
000311.OF,392435009.64 
000312.OF,34129383.22 
000313.OF,56438605.20 
000478.OF,217908975.34 
000820.OF,542208.12 
000821.OF,3205407.51 
001015.OF,175938631.94 
001016.OF,86907389.69 
001027.OF,187913404.94 
001397.OF,121535279.54 
001884.OF,326230.57 
002310.OF,4279557.23 
002311.OF,4063203.00 
002315.OF,4279298.03 
002316.OF,4062956.32 
002385.OF,
040002.OF,2747064819.46 
050002.OF,4790625332.71 
100032.OF,441430881.80 
100038.OF,1550486480.59 
110003.OF,8776418409.22 
110030.OF,484115272.78 
161017.OF,349342401.04 
161507.OF,38214766.08 
161607.OF,897536897.17 
161613.OF,359359019.90 
161825.OF,56182924.26 
163407.OF,421150913.36 
163808.OF,316832915.19 
164508.OF,111107306.23 
165806.OF,15740812.01 
166007.OF,83443410.73 
167901.OF,14872846.69 
180003.OF,2669860803.77 
200002.OF,1127183405.11 
213010.OF,79770378.93 
233010.OF,55869760.74 
310318.OF,554557938.84 
399001.OF,160126741.77 
410010.OF,8722394.28 
450008.OF,239960979.80 
519116.OF,84876633.55 
530018.OF,80158818.71 
590007.OF,82540099.99 
660014.OF,34214016.21 
700002.OF,53645575.90 
960022.OF,
000001.OF,6091983503.44 
000011.OF,1990240712.97 
000017.OF,184058354.57 
000020.OF,624450080.69 
000021.OF,8411922649.18 
000031.OF,2480769632.61 
000039.OF,653091275.30 
000057.OF,46195450.43 
000061.OF,2362490339.91 
000083.OF,3206508246.08 
000117.OF,1555162358.78 
000120.OF,63176725.91 
000124.OF,4459468807.81 
000127.OF,979321944.80 
000172.OF,3016779420.11 
000173.OF,3577474453.66 
000209.OF,38817360.27 
000220.OF,2600514123.71 
000251.OF,2338085316.95 
000263.OF,2926337626.75 
000294.OF,186089300.08 
000308.OF,61645531.17 
000339.OF,394525557.29 
000354.OF,285833992.25 
000432.OF,38728557.18 
000522.OF,65598920.04 
000532.OF,753582277.67 
000547.OF,118045600.05 
000550.OF,4148236006.94 
000551.OF,22715432.34 
000589.OF,361169638.41 
000591.OF,106794788.66 
000601.OF,212874314.54 
000612.OF,1205996074.51 
000646.OF,59653587.25 
000800.OF,3575152611.66 
000940.OF,1809055967.06 
000945.OF,3674881065.50 
000946.OF,765471254.83 
000965.OF,720794074.90 
001000.OF,5939832912.59 
001076.OF,2322036672.58 
001088.OF,2315369034.14 
001118.OF,4523660911.60 
001144.OF,1841334625.05 
001256.OF,2915482818.07 
001267.OF,205778670.34 
001268.OF,2776825792.04 
001306.OF,4916685492.51 
001307.OF,63260044.48 
001349.OF,10256076921.29 
001403.OF,1930428932.78 
001463.OF,973408615.60 
001475.OF,6133002422.10 
001811.OF,
001881.OF,98531253.42 
001882.OF,1548431.22 
001883.OF,988192.56 
001886.OF,935766.67 
001888.OF,60946926.24 
001985.OF,965881022.79 
002011.OF,13768868233.98 
002173.OF,302418038.32 
002174.OF,
002305.OF,216771570.24 
020001.OF,2640121696.29 
020003.OF,486424757.54 
020005.OF,1373740040.14 
020009.OF,709554154.31 
020010.OF,1945210429.86 
020015.OF,320984236.47 
020023.OF,92720921.81 
020026.OF,112748753.11 
040005.OF,3159906750.87 
040007.OF,2965167187.95 
040008.OF,3874785749.95 
040011.OF,79465124.28 
040016.OF,276720660.79 
040020.OF,298683345.44 
040025.OF,367668218.82 
040035.OF,1924486503.00 
050004.OF,4646596528.99 
050008.OF,2808028555.26 
050009.OF,5353300390.20 
050010.OF,412765324.61 
050014.OF,378445994.64 
050018.OF,206587050.17 
050026.OF,1930630521.29 
070001.OF,4934955914.62 
070002.OF,3016393601.04 
070003.OF,4352728570.95 
070006.OF,3085732510.65 
070010.OF,5192065057.01 
070011.OF,7415496363.30 
070013.OF,5681528694.01 
070017.OF,321601140.91 
070019.OF,669476233.00 
070021.OF,1110473357.36 
070022.OF,2116794599.86 
070027.OF,3849816888.90 
070032.OF,446889972.71 
070099.OF,3621700357.94 
080001.OF,409764348.88 
080005.OF,330765983.26 
080007.OF,86260266.03 
080012.OF,2844179884.49 
080015.OF,59462646.99 
090003.OF,4216284825.72 
090004.OF,1227524740.27 
090007.OF,473362574.88 
090009.OF,178553719.73 
090011.OF,53345296.68 
090013.OF,89005596.03 
090015.OF,654008275.09 
090016.OF,63653769.74 
090018.OF,70119917.80 
090020.OF,46762223.82 
100020.OF,3627936843.05 
100022.OF,1703516887.35 
100026.OF,4393158918.58 
100039.OF,288533770.14 
100056.OF,8964167181.29 
100060.OF,510890280.58 
110002.OF,2379454170.88 
110005.OF,2557379509.64 
110009.OF,4006424365.59 
110011.OF,978940389.52 
110013.OF,2908715818.27 
110015.OF,827220399.18 
110023.OF,2226316360.03 
110025.OF,252949834.07 
110029.OF,10357070947.23 
112002.OF,2101505114.22 
121003.OF,1905142514.88 
121005.OF,1323050485.45 
121008.OF,709096693.85 
151001.OF,882340034.13 
160105.OF,1199549507.10 
160106.OF,2388166384.56 
160211.OF,545167843.28 
160212.OF,130543047.54 
160215.OF,1513303162.90 
160311.OF,5000388572.96 
160314.OF,4013641771.98 
160505.OF,7327480020.05 
160512.OF,346701793.60 
160603.OF,704117864.49 
160605.OF,1428246491.06 
160607.OF,2920405730.65 
160610.OF,2531197282.94 
160611.OF,1583290865.95 
160613.OF,119042039.95 
160805.OF,1086480504.06 
160910.OF,2873222006.94 
160916.OF,686539299.41 
160918.OF,617332828.67 
161005.OF,4045578730.54 
161601.OF,3841789826.19 
161606.OF,1580357692.88 
161609.OF,1266245767.70 
161610.OF,7630978496.35 
161611.OF,511280422.94 
161616.OF,2645485414.02 
161706.OF,1497620076.94 
161810.OF,767931254.45 
161818.OF,274861984.32 
161903.OF,390327606.20 
162006.OF,1409972009.71 
162102.OF,901648732.75 
162201.OF,1052744719.31 
162202.OF,279864525.71 
162203.OF,133303925.61 
162204.OF,837892664.72 
162207.OF,1158531529.88 
162209.OF,1655711478.31 
162212.OF,582283811.38 
162214.OF,286575405.92 
162605.OF,1912324927.85 
162607.OF,2131053916.98 
162703.OF,2745929671.47 
163302.OF,1087601504.39 
163406.OF,3477403108.95 
163409.OF,1268534360.79 
163412.OF,2726218071.32 
163415.OF,443434824.34 
163503.OF,1038251710.34 
163801.OF,1676866588.49 
163803.OF,3505646361.67 
163804.OF,2158418361.48 
163805.OF,981022160.49 
163818.OF,57444735.26 
163822.OF,345904088.51 
165313.OF,647516384.81 
165508.OF,111710295.14 
165512.OF,34772582.28 
165516.OF,890548500.99 
166001.OF,3975946172.05 
166005.OF,2012762637.04 
166006.OF,2422880047.47 
166009.OF,2090892113.95 
166011.OF,5225667421.72 
180010.OF,5564886155.04 
180012.OF,2725369161.62 
180013.OF,1832540975.58 
180031.OF,3268608443.50 
200006.OF,1367447504.29 
200008.OF,4814974539.61 
200010.OF,1447187554.36 
200012.OF,89012699.86 
200015.OF,255604245.38 
202001.OF,2464046179.66 
202003.OF,5676432041.86 
202005.OF,4464730371.84 
202007.OF,2532330353.25 
202009.OF,1762853874.09 
202011.OF,1299740152.09 
202019.OF,452965216.82 
206002.OF,308518918.60 
206007.OF,322858259.43 
206009.OF,966010240.99 
210003.OF,256000474.68 
210004.OF,250463401.81 
210005.OF,453025385.07 
210008.OF,333422350.42 
210009.OF,176328238.92 
213002.OF,2231016504.50 
213003.OF,6601383499.21 
213008.OF,7803272504.48 
217001.OF,759759958.29 
217005.OF,2223137211.60 
217009.OF,1683231011.75 
217010.OF,934239085.87 
217012.OF,766975789.45 
217013.OF,271441185.45 
229002.OF,91228576.58 
233001.OF,136516301.29 
233006.OF,574936180.67 
233007.OF,898430809.56 
233009.OF,3273417617.46 
233011.OF,677910413.85 
233015.OF,3028944554.57 
240001.OF,1690290966.51 
240004.OF,2535451832.51 
240005.OF,2070524368.95 
240008.OF,1586890875.57 
240009.OF,2473749430.66 
240010.OF,4077715787.34 
240011.OF,137504970.35 
240017.OF,1231721508.93 
240020.OF,992987905.69 
240022.OF,75403212.93 
257010.OF,1953435261.22 
257020.OF,1767816013.81 
257030.OF,386936455.72 
257040.OF,214343563.20 
257050.OF,623163133.26 
257070.OF,2749819214.49 
260101.OF,1686973381.94 
260104.OF,1377117475.79 
260108.OF,1149503217.69 
260109.OF,2525589904.99 
260110.OF,3927464400.74 
260111.OF,54999379.31 
260112.OF,989565336.23 
260115.OF,196720237.01 
260116.OF,3358059988.72 
260117.OF,106306180.16 
270002.OF,3376140158.91 
270005.OF,9755750972.78 
270006.OF,5157238860.92 
270007.OF,3326096287.15 
270008.OF,1660821623.06 
270021.OF,1313011913.36 
270025.OF,5990818618.97 
270028.OF,1132224665.79 
270041.OF,56758138.40 
270050.OF,334392241.66 
288001.OF,1470397667.84 
288002.OF,3432536382.70 
290002.OF,1899683803.86 
290004.OF,1255737842.37 
290006.OF,835330107.16 
290008.OF,74321608.62 
290011.OF,356733059.52 
290014.OF,56791572.45 
310308.OF,872161013.88 
310328.OF,1363410773.81 
310358.OF,1374018407.79 
310368.OF,54478911.11 
310388.OF,290490461.74 
320001.OF,2215874353.79 
320003.OF,4973583803.26 
320005.OF,2379538855.09 
320007.OF,882447438.98 
320011.OF,836522330.56 
320012.OF,410872221.97 
320016.OF,68910581.01 
340007.OF,7081720640.58 
350002.OF,44845746.80 
350005.OF,47070433.20 
350008.OF,32984563.72 
360005.OF,2323751997.78 
360006.OF,422684594.25 
360007.OF,4669963843.02 
360010.OF,182223635.32 
360012.OF,352156038.19 
360016.OF,48895386.35 
370024.OF,2444155998.27 
370027.OF,470108329.10 
373020.OF,319660075.64 
375010.OF,1786028544.19 
377010.OF,2474996570.66 
377020.OF,3428312227.10 
377150.OF,213489321.26 
377240.OF,2592525647.55 
377530.OF,2565260895.78 
378010.OF,1304387557.46 
379010.OF,611493324.67 
398001.OF,2124654556.36 
398011.OF,702990662.20 
398021.OF,1728422331.22 
398041.OF,76973771.90 
398061.OF,438959714.84 
400003.OF,3991751712.65 
400007.OF,674686055.33 
400011.OF,72018533.19 
400032.OF,263748427.45 
410001.OF,951856814.43 
410003.OF,1607285968.51 
410009.OF,63312736.63 
420003.OF,180852050.23 
420005.OF,221789156.59 
450002.OF,1941523161.89 
450003.OF,1886341792.72 
450004.OF,424994484.43 
450007.OF,154046962.64 
450011.OF,66945617.17 
460001.OF,2299109558.16 
460002.OF,2472575222.13 
460005.OF,1078150654.62 
460007.OF,294968351.78 
460009.OF,331892246.94 
470006.OF,6026628669.99 
470008.OF,2177990903.71 
470009.OF,7932868704.17 
470028.OF,4832826711.87 
470098.OF,1174603889.43 
481001.OF,4973361936.07 
481004.OF,2932700675.89 
481006.OF,709850498.97 
481008.OF,272019672.63 
481010.OF,447074694.00 
481013.OF,221392761.13 
481015.OF,2669667606.40 
481017.OF,198383210.31 
483003.OF,2916655069.14 
510081.OF,596472258.72 
519001.OF,6331639152.33 
519002.OF,452703097.19 
519005.OF,1519533460.97 
519008.OF,2459408435.98 
519011.OF,2024334194.74 
519013.OF,672994784.61 
519015.OF,598137741.89 
519017.OF,1531759397.82 
519018.OF,7359537255.04 
519019.OF,1276948743.39 
519021.OF,2070041059.98 
519025.OF,158154866.33 
519026.OF,239366592.59 
519033.OF,202342435.80 
519035.OF,2641839105.09 
519039.OF,2011813156.67 
519056.OF,48972062.36 
519068.OF,4970941337.61 
519069.OF,6331695778.44 
519087.OF,1514759523.04 
519089.OF,503451678.72 
519093.OF,830096297.79 
519095.OF,288548447.76 
519097.OF,534736638.18 
519099.OF,40049132.35 
519110.OF,3221964639.99 
519115.OF,126438012.26 
519150.OF,1036359665.29 
519158.OF,1972919078.53 
519181.OF,1190682464.22 
519185.OF,118014019.37 
519664.OF,448096141.53 
519665.OF,179289537.39 
519668.OF,973354693.33 
519670.OF,2905990587.42 
519672.OF,129721112.23 
519674.OF,1241614491.72 
519678.OF,104534794.58 
519679.OF,1675195921.45 
519688.OF,2860665711.72 
519692.OF,4079489744.83 
519694.OF,3140145868.07 
519698.OF,2832050950.98 
519702.OF,303262354.52 
519704.OF,1197137426.51 
519712.OF,117733573.23 
519727.OF,124096981.23 
519736.OF,423968428.48 
519915.OF,1859070360.41 
519979.OF,1154543016.44 
519983.OF,2611765777.24 
519987.OF,63134361.97 
519993.OF,1964973388.37 
519994.OF,3055832693.60 
519996.OF,801406177.44 
530001.OF,1380680530.33 
530003.OF,2382856991.94 
530006.OF,1347984385.90 
530011.OF,681193550.34 
530019.OF,41092459.19 
540002.OF,503064113.80 
540004.OF,112572496.74 
550001.OF,1185258282.83 
550002.OF,1595259453.68 
550003.OF,214237164.53 
550008.OF,195327235.87 
550009.OF,87106818.78 
560002.OF,621933758.38 
560003.OF,1223387976.91 
570001.OF,1040878205.41 
570005.OF,48985852.55 
570006.OF,65243466.84 
570007.OF,97998900.48 
570008.OF,138355048.77 
580001.OF,692558241.21 
580002.OF,680542895.84 
580003.OF,798720130.98 
580006.OF,59131344.47 
580007.OF,23249798.54 
580008.OF,189485726.00 
582003.OF,30799357.75 
590001.OF,4217998490.73 
590002.OF,9950218521.93 
590005.OF,2305668842.94 
590008.OF,10943709201.43 
610001.OF,1965682157.25 
610004.OF,125567827.16 
610005.OF,92845552.30 
610006.OF,234515771.99 
610007.OF,120511635.02 
620001.OF,151179026.32 
620004.OF,32191691.37 
620005.OF,35203806.54 
620006.OF,19633094.33 
620008.OF,30102151.80 
630001.OF,3032929536.45 
630002.OF,7297284621.71 
630006.OF,198165804.73 
630010.OF,5815052175.43 
630011.OF,2960375932.78 
660001.OF,2586557002.34 
660003.OF,384181497.72 
660004.OF,430347812.83 
660005.OF,1928611005.23 
660006.OF,324424021.92 
660010.OF,113858776.32 
660012.OF,1917550546.54 
660015.OF,314713407.39 
671010.OF,51701732.87 
688888.OF,233434092.48 
690003.OF,263998206.13 
690004.OF,78871961.66 
690005.OF,229925496.80 
690007.OF,122466452.21 
700001.OF,533584697.98 
700003.OF,270502150.69 
710001.OF,2457284246.11 
730001.OF,60689997.42 
730002.OF,19829134.08 
740001.OF,160755931.42 
960001.OF,441789.47 
960006.OF,
960007.OF,
960008.OF,
960010.OF,
960011.OF,
960012.OF,
960013.OF,
960014.OF,
960015.OF,
960016.OF,
960018.OF,
960019.OF,
960020.OF,
960023.OF,
F000172.OF,
F050004.OF,
F050010.OF,
F050026.OF,
F070001.OF,
F070013.OF,
F450003.OF,
F450004.OF,
F450005.OF,
J460002.OF,
J519110.OF,
000749.OF,1705950037.97 
001495.OF,51875014.62 
002001.OF,7605525422.28 
002021.OF,4324789142.15 
002162.OF,1.00 
002440.OF,
040001.OF,3142267270.25 
040004.OF,2199824824.07 
050001.OF,5684115648.54 
050007.OF,720435434.26 
050201.OF,2208877525.63 
090001.OF,3075530681.73 
100016.OF,1125666123.83 
110001.OF,2238667131.95 
121002.OF,981502316.24 
161605.OF,1043681825.35 
180001.OF,1484783783.41 
202002.OF,2635579440.02 
270001.OF,2224161565.58 
373010.OF,2922581577.03 
519654.OF,2682312742.39 
519732.OF,104872047.23 
960002.OF,7605525422.28 
960005.OF,
000029.OF,247576154.07 
000056.OF,54841030.42 
000060.OF,3861122.41 
000063.OF,3248285443.36 
000065.OF,2929515029.42 
000073.OF,218651191.88 
000136.OF,604765990.67 
000165.OF,424349721.96 
000167.OF,321631480.93 
000178.OF,2522066372.11 
000190.OF,4919001573.72 
000199.OF,67965927.03 
000214.OF,433646864.06 
000215.OF,74760205.02 
000219.OF,231328732.76 
000241.OF,135234917.73 
000242.OF,317025446.66 
000259.OF,65988775.48 
000264.OF,406078814.85 
000273.OF,502050314.82 
000278.OF,2389771063.49 
000279.OF,944421042.21 
000314.OF,311953288.49 
000328.OF,2516426912.85 
000336.OF,464718195.66 
000362.OF,81960189.13 
000363.OF,33503795.74 
000390.OF,1455547102.34 
000398.OF,4484604495.61 
000404.OF,2694878396.99 
000408.OF,193529292.59 
000410.OF,327769252.49 
000417.OF,2655307692.43 
000423.OF,922950356.18 
000431.OF,2405057235.45 
000433.OF,248292089.80 
000452.OF,588661207.08 
000458.OF,106752507.22 
000462.OF,874067079.08 
000477.OF,2446084970.56 
000480.OF,1285168867.11 
000496.OF,41911077.75 
000511.OF,553925269.43 
000512.OF,331418225.98 
000520.OF,146752765.62 
000523.OF,290192425.31 
000526.OF,1147164738.58 
000527.OF,218070908.50 
000529.OF,882815806.82 
000530.OF,1005458187.15 
000531.OF,109247867.75 
000534.OF,781152370.51 
000535.OF,212522955.13 
000538.OF,1623932804.11 
000541.OF,2844060594.94 
000545.OF,3854217204.43 
000554.OF,373457937.52 
000556.OF,1183039512.82 
000557.OF,1901409719.08 
000566.OF,629645878.35 
000567.OF,848292136.86 
000572.OF,3999373064.41 
000573.OF,2762909398.48 
000574.OF,3555795531.41 
000584.OF,634745695.75 
000587.OF,465080690.65 
000590.OF,1959494026.66 
000595.OF,2376582145.66 
000597.OF,3339378459.73 
000598.OF,502643071.33 
000603.OF,4262501441.53 
000609.OF,948100161.89 
000619.OF,656378597.98 
000634.OF,465041450.66 
000652.OF,798722370.73 
000654.OF,5793488906.06 
000663.OF,1024873094.26 
000664.OF,3859511081.04 
000679.OF,750275302.66 
000684.OF,157269989.38 
000689.OF,301353262.29 
000690.OF,236551498.51 
000698.OF,5030823175.85 
000706.OF,83722656.39 
000708.OF,2891635745.84 
000714.OF,546503469.13 
000717.OF,153384807.81 
000727.OF,423284990.80 
000739.OF,107484606.76 
000742.OF,763682815.57 
000743.OF,1008075489.07 
000747.OF,117611442.20 
000755.OF,790589353.59 
000757.OF,914380744.45 
000763.OF,1947515761.97 
000767.OF,221749692.46 
000772.OF,1293799292.21 
000788.OF,60173681.32 
000794.OF,198106943.23 
000796.OF,833669512.99 
000805.OF,1493154301.16 
000822.OF,42378362.15 
000823.OF,544225399.99 
000824.OF,496236480.45 
000825.OF,45474606.55 
000841.OF,150878699.06 
000843.OF,31352553.04 
000845.OF,265518507.23 
000849.OF,1128185850.81 
000850.OF,280042803.52 
000870.OF,2083338144.06 
000877.OF,364982668.56 
000878.OF,520303888.62 
000879.OF,224799752.90 
000880.OF,2932505145.20 
000886.OF,141867202.33 
000892.OF,7643508.57 
000904.OF,996413265.72 
000924.OF,1130429130.74 
000926.OF,116589007.47 
000928.OF,208912377.36 
000935.OF,344425564.96 
000936.OF,438383777.16 
000939.OF,463540976.97 
000947.OF,2115064599.78 
000953.OF,20221486.67 
000954.OF,4604255969.86 
000963.OF,806861435.79 
000966.OF,480014876.65 
000967.OF,228951387.40 
000969.OF,674746651.18 
000970.OF,983532352.09 
000972.OF,148220804.82 
000976.OF,2410473440.99 
000977.OF,1827489050.15 
000986.OF,12725172.98 
000993.OF,844749902.82 
000994.OF,233821230.11 
000995.OF,159010880.23 
001004.OF,613532104.11 
001005.OF,82439192.41 
001007.OF,2119285059.26 
001017.OF,833755713.88 
001018.OF,651188715.04 
001029.OF,3223725286.59 
001030.OF,552567343.99 
001037.OF,2029632675.89 
001053.OF,1895719393.63 
001056.OF,1034579617.78 
001060.OF,954995653.69 
001067.OF,1411425401.76 
001068.OF,282070321.87 
001069.OF,1033900803.14 
001071.OF,1896802170.83 
001074.OF,1735124879.11 
001075.OF,4233850002.78 
001102.OF,727690337.21 
001103.OF,1485654069.33 
001106.OF,1782162094.77 
001110.OF,5011989.33 
001111.OF,2650324232.86 
001112.OF,6203834366.01 
001117.OF,2021204161.22 
001119.OF,515808648.67 
001120.OF,37816386.68 
001121.OF,286751445.26 
001122.OF,650342459.84 
001123.OF,2179849079.26 
001125.OF,2687274511.87 
001127.OF,2676068820.80 
001128.OF,3288110133.18 
001135.OF,434383067.81 
001136.OF,6936778048.97 
001139.OF,3592781420.45 
001140.OF,2918599029.47 
001141.OF,285035284.57 
001142.OF,2502998955.80 
001143.OF,3356167697.31 
001146.OF,521395717.76 
001147.OF,2114976115.89 
001148.OF,1729910852.30 
001150.OF,3939434062.65 
001152.OF,1721052478.21 
001154.OF,179565108.49 
001156.OF,944941534.23 
001157.OF,1878106199.95 
001159.OF,1978652660.26 
001164.OF,3405633165.30 
001165.OF,211394742.83 
001168.OF,3182812153.73 
001169.OF,3750497607.75 
001170.OF,1391860952.85 
001172.OF,1268445976.13 
001173.OF,2514010016.70 
001174.OF,2526150.95 
001179.OF,250446204.93 
001181.OF,2649539446.19 
001183.OF,1780744249.81 
001184.OF,7914333193.40 
001185.OF,258075045.18 
001190.OF,473675064.08 
001191.OF,1783642242.78 
001192.OF,2549573950.40 
001194.OF,205827798.33 
001196.OF,1799145495.75 
001197.OF,4879737613.81 
001198.OF,699188035.76 
001201.OF,1936339816.17 
001202.OF,706325413.83 
001205.OF,2151911046.04 
001206.OF,4360403751.74 
001207.OF,3019786.43 
001209.OF,950444278.67 
001210.OF,1533287764.97 
001215.OF,1433461698.21 
001216.OF,3811686775.58 
001217.OF,8441912.13 
001218.OF,1717185487.44 
001219.OF,1043690687.18 
001220.OF,2035768872.72 
001222.OF,594733857.04 
001224.OF,306507070.14 
001225.OF,5061721465.75 
001226.OF,2618147576.14 
001227.OF,8605223534.01 
001228.OF,106615066.00 
001229.OF,1042689735.76 
001231.OF,2449849819.79 
001239.OF,1913905318.64 
001244.OF,594448421.74 
001247.OF,2388118245.33 
001249.OF,2735976654.24 
001250.OF,2902920877.98 
001252.OF,2979414779.91 
001253.OF,2581937496.44 
001254.OF,3747342751.76 
001255.OF,1578715210.59 
001259.OF,2086892735.25 
001261.OF,486590891.01 
001262.OF,2877202360.04 
001263.OF,539533791.23 
001264.OF,5107356745.75 
001265.OF,1075404558.12 
001270.OF,1532386190.68 
001271.OF,2451092499.82 
001272.OF,324083932.99 
001273.OF,3084912272.64 
001274.OF,0.00 
001275.OF,1057925114.87 
001276.OF,798905416.13 
001278.OF,615922668.12 
001279.OF,520170941.07 
001280.OF,2566933322.29 
001281.OF,16857695.20 
001283.OF,105998691.84 
001284.OF,1026302489.41 
001285.OF,873602710.63 
001286.OF,2035738864.78 
001287.OF,245709066.36 
001289.OF,64499401.33 
001294.OF,810820921.38 
001295.OF,356705145.73 
001297.OF,1337365535.52 
001298.OF,403463804.31 
001300.OF,1628795994.63 
001301.OF,784770318.66 
001302.OF,98806349.58 
001303.OF,189748253.16 
001304.OF,2459774869.37 
001305.OF,1834114309.29 
001311.OF,5909363158.36 
001312.OF,245976545.08 
001314.OF,503254207.55 
001315.OF,2006370090.68 
001316.OF,54757701.87 
001318.OF,2044631318.29 
001320.OF,4284173611.10 
001321.OF,1720097942.16 
001322.OF,779606507.61 
001323.OF,940290472.30 
001324.OF,2335710920.34 
001325.OF,1023713542.96 
001326.OF,1550376837.14 
001327.OF,57175622.69 
001328.OF,2314263742.46 
001329.OF,143079707.13 
001330.OF,2438106959.43 
001331.OF,143693389.46 
001332.OF,3066443317.65 
001333.OF,3546256971.70 
001334.OF,2894748391.62 
001335.OF,822623760.61 
001336.OF,231172726.03 
001337.OF,2526911875.11 
001338.OF,3449320400.56 
001339.OF,215457717.72 
001340.OF,4069852829.72 
001341.OF,683006.25 
001342.OF,1112117006.63 
001343.OF,1731594154.82 
001345.OF,1979649700.11 
001347.OF,1720695051.18 
001348.OF,96038768.74 
001352.OF,1070818629.11 
001357.OF,2573723691.61 
001359.OF,163281546.32 
001362.OF,1087298307.49 
001365.OF,285689763.75 
001366.OF,697082976.92 
001367.OF,96555201.74 
001370.OF,2084576315.34 
001371.OF,720841930.18 
001373.OF,16604532746.61 
001376.OF,12208624.75 
001379.OF,1475326891.20 
001380.OF,825119872.52 
001381.OF,1262221809.06 
001384.OF,586397870.38 
001385.OF,397940741.97 
001387.OF,199662716.23 
001388.OF,2295081074.36 
001389.OF,49920926.37 
001390.OF,293715596.01 
001392.OF,136497317.52 
001393.OF,3167706137.58 
001394.OF,8409768.48 
001395.OF,2532223024.63 
001398.OF,1334101571.57 
001399.OF,339557197.78 
001400.OF,3106461997.14 
001402.OF,157845283.13 
001405.OF,83271190.78 
001406.OF,2642709974.30 
001407.OF,2453170365.42 
001408.OF,48616246.55 
001411.OF,1232097499.78 
001412.OF,286797276.86 
001413.OF,3323323.16 
001414.OF,5058095913.71 
001415.OF,260180471.08 
001417.OF,21097355330.23 
001418.OF,2556428509.98 
001419.OF,1713451272.34 
001422.OF,77367236.25 
001423.OF,2503627652.34 
001424.OF,873034.79 
001425.OF,1264416326.99 
001427.OF,7570539.00 
001430.OF,635197371.05 
001431.OF,16358437.73 
001433.OF,262240520.77 
001437.OF,196111194.13 
001438.OF,62548924.68 
001443.OF,4505506718.79 
001444.OF,704359.77 
001445.OF,787299838.07 
001446.OF,2644547145.28 
001447.OF,4633724695.97 
001449.OF,386134553.96 
001453.OF,103563534.14 
001454.OF,3164078104.35 
001456.OF,123628045.83 
001457.OF,1561902697.42 
001464.OF,3908919790.70 
001465.OF,1410945.85 
001466.OF,922647279.44 
001467.OF,2617182183.22 
001468.OF,2084686765.55 
001470.OF,906835112.18 
001471.OF,1865089514.36 
001474.OF,237182030.44 
001479.OF,556035173.79 
001480.OF,1169438132.55 
001484.OF,2635096489.96 
001487.OF,148133164.06 
001488.OF,1011431833.31 
001489.OF,1520326924.01 
001491.OF,763366600.63 
001492.OF,224811048.60 
001493.OF,2514188250.27 
001494.OF,11182749.12 
001499.OF,1869235320.82 
001500.OF,673594327.85 
001501.OF,67012.33 
001502.OF,2659380861.00 
001503.OF,32188914.02 
001504.OF,214708308.11 
001505.OF,1543903913.36 
001506.OF,51370227.17 
001507.OF,150.30 
001508.OF,54361104.43 
001510.OF,56815001.25 
001511.OF,4367546779.34 
001515.OF,2025278.96 
001517.OF,3333894293.85 
001518.OF,71688172.52 
001522.OF,928162.28 
001523.OF,1403201990.73 
001534.OF,1043205084.48 
001535.OF,230681817.16 
001536.OF,345842700.56 
001537.OF,219834499.66 
001538.OF,132464497.26 
001540.OF,1052006829.73 
001543.OF,279998752.58 
001547.OF,1727635345.52 
001563.OF,125227340.31 
001564.OF,996577796.32 
001566.OF,1592545225.68 
001567.OF,1306677636.23 
001569.OF,440145201.17 
001570.OF,9802360.70 
001574.OF,275149192.82 
001580.OF,1402134778.81 
001582.OF,164805805.08 
001584.OF,350478.62 
001585.OF,2703647465.59 
001597.OF,257926.57 
001598.OF,3259028227.09 
001601.OF,204341306.36 
001602.OF,2308229785.16 
001604.OF,242075785.18 
001606.OF,175973366.78 
001607.OF,12084.30 
001608.OF,199338828.76 
001609.OF,87053470.06 
001610.OF,2933577537.88 
001620.OF,42517626332.73 
001623.OF,330706514.67 
001635.OF,191037.01 
001636.OF,201750946.39 
001639.OF,
001640.OF,
001650.OF,1558002984.11 
001654.OF,3687528925.93 
001662.OF,246970419.16 
001664.OF,264755957.78 
001665.OF,129709482.39 
001670.OF,29377358.43 
001671.OF,5720875.55 
001673.OF,18714533.40 
001674.OF,695380.06 
001675.OF,136779476.45 
001676.OF,1101474026.80 
001679.OF,71950732.62 
001681.OF,417955718.65 
001682.OF,155464127.72 
001683.OF,41320224323.19 
001686.OF,314239.60 
001687.OF,2311940631.34 
001688.OF,2312911425.25 
001694.OF,
001695.OF,838880929.47 
001701.OF,
001702.OF,144003379.58 
001708.OF,117275905.34 
001709.OF,309669208.62 
001712.OF,524426781.34 
001716.OF,2199320527.41 
001723.OF,187803040.04 
001724.OF,1919720917.59 
001727.OF,1034485668.75 
001728.OF,732312479.42 
001729.OF,40328371.32 
001730.OF,390100435.08 
001734.OF,552076590.80 
001735.OF,121980009.74 
001737.OF,273102764.86 
001740.OF,297382767.41 
001741.OF,94617169.98 
001742.OF,190600490.31 
001753.OF,182330402.62 
001754.OF,131585086.93 
001755.OF,
001760.OF,248871345.70 
001761.OF,199963888.42 
001762.OF,1085921.92 
001763.OF,5404700723.39 
001769.OF,47663803984.80 
001772.OF,43712233492.77 
001773.OF,40440276805.23 
001774.OF,0.00 
001775.OF,501405119.15 
001777.OF,101144379.77 
001778.OF,121287671.80 
001795.OF,309547885.55 
001796.OF,2143951.61 
001797.OF,1212874657.72 
001798.OF,166434211.64 
001799.OF,112513234.29 
001801.OF,233795174.10 
001802.OF,396527673.88 
001803.OF,993541.80 
001808.OF,275368178.59 
001810.OF,279139340.98 
001815.OF,496431453.66 
001822.OF,497114579.15 
001823.OF,504966769.73 
001827.OF,
001829.OF,208650420.17 
001830.OF,255627264.68 
001834.OF,823615060.22 
001837.OF,148838345.59 
001838.OF,690019247.12 
001840.OF,2502442010.95 
001841.OF,51250.30 
001852.OF,265553528.17 
001861.OF,319701202.39 
001864.OF,
001865.OF,2004904213.96 
001866.OF,72288161.36 
001869.OF,899849555.06 
001885.OF,1549469.58 
001887.OF,126641121.98 
001890.OF,404306.04 
001891.OF,1552473.27 
001892.OF,560887853.37 
001897.OF,231212269.24 
001903.OF,513228858.91 
001904.OF,1530887.24 
001910.OF,607300631.95 
001924.OF,2795611557.52 
001927.OF,496343323.87 
001928.OF,146584730.92 
001933.OF,202975005.25 
001939.OF,29088.94 
001940.OF,632099138.13 
001951.OF,587391782.94 
001954.OF,
001959.OF,248153008.50 
001967.OF,517881466.31 
001970.OF,337695202.11 
001972.OF,282393457.75 
001979.OF,516146841.48 
001990.OF,513853461.98 
001997.OF,228333.06 
002009.OF,291.87 
002010.OF,2006821239.94 
002013.OF,201.20 
002014.OF,2509594863.44 
002015.OF,4254319.23 
002016.OF,1836924568.82 
002017.OF,2775253552.19 
002018.OF,19516933.26 
002019.OF,720730061.06 
002020.OF,382686216.99 
002025.OF,1994148.93 
002026.OF,966754.87 
002027.OF,2792269297.85 
002028.OF,2594603670.70 
002029.OF,1407132137.81 
002030.OF,2329066724.46 
002031.OF,686624388.14 
002035.OF,2472185041.46 
002036.OF,2260444048.96 
002039.OF,247440.90 
002040.OF,2953775746.54 
002041.OF,937181.72 
002042.OF,372282024.87 
002043.OF,970967130.00 
002045.OF,2412745940.60 
002046.OF,1002.12 
002047.OF,1605716420.10 
002049.OF,2709329115.04 
002051.OF,3469412255.47 
002052.OF,2508344632.74 
002053.OF,1404742968.48 
002054.OF,3445111.48 
002055.OF,1935028402.06 
002056.OF,3608135325.21 
002057.OF,35258410.43 
002058.OF,3965758725.92 
002059.OF,2131911264.50 
002060.OF,1507741.52 
002062.OF,1778523114.62 
002063.OF,2390172158.77 
002068.OF,1158210036.25 
002071.OF,2124937190.65 
002072.OF,33900279.24 
002075.OF,2519501651.74 
002079.OF,247127518.22 
002080.OF,1902701281.79 
002081.OF,107835335.86 
002082.OF,2929001011.49 
002085.OF,775505488.82 
002087.OF,1176754.85 
002088.OF,2507256427.96 
002091.OF,11006.72 
002092.OF,106591.01 
002093.OF,654942516.11 
002094.OF,80266.08 
002095.OF,504258588.94 
002096.OF,0.00 
002097.OF,515703.47 
002098.OF,302150495.92 
002101.OF,101316.66 
002102.OF,2517189031.18 
002103.OF,231736027.65 
002106.OF,300332177.16 
002107.OF,172687897.63 
002108.OF,383347.33 
002110.OF,1405192290.94 
002112.OF,1189221392.38 
002113.OF,8330.06 
002116.OF,200181608.84 
002117.OF,156401.72 
002124.OF,404185437.78 
002132.OF,296803726.51 
002134.OF,600529246.26 
002141.OF,1642691006.64 
002142.OF,206338632.38 
002144.OF,4190790421.18 
002148.OF,199696743.58 
002149.OF,
002152.OF,528583712.83 
002156.OF,13206608.21 
002157.OF,369590728.36 
002158.OF,2797255174.25 
002159.OF,345914107.57 
002160.OF,
002163.OF,422543688.55 
002165.OF,636626281.82 
002170.OF,0.00 
002172.OF,885.75 
002178.OF,331624.19 
002182.OF,302520026.34 
002186.OF,560763956.09 
002207.OF,2006.97 
002211.OF,
002212.OF,
002222.OF,
002223.OF,779566529.04 
002231.OF,9017567.77 
002232.OF,200476259.33 
002233.OF,100270504.76 
002237.OF,0.00 
002244.OF,
002250.OF,109703307.16 
002251.OF,
002252.OF,889466734.92 
002259.OF,320526656.14 
002261.OF,9286404.13 
002262.OF,210700430.99 
002263.OF,393953210.98 
002270.OF,211190386.04 
002272.OF,
002273.OF,
002290.OF,0.00 
002297.OF,
002301.OF,200249224.97 
002303.OF,
002313.OF,
002314.OF,
002330.OF,201806293.01 
002339.OF,
002360.OF,
002365.OF,4541383.54 
002366.OF,232096994.45 
002368.OF,11660743.43 
002369.OF,297824731.95 
002370.OF,
002371.OF,
002372.OF,
002373.OF,
002374.OF,
002375.OF,
002376.OF,238101492.49 
002383.OF,
002388.OF,200355918.83 
002408.OF,
002409.OF,201945472.86 
002410.OF,0.00 
002413.OF,11227718.02 
002414.OF,201728983.57 
002416.OF,
002417.OF,
002418.OF,
002441.OF,
002450.OF,
002451.OF,
002461.OF,
002462.OF,
002485.OF,
002494.OF,
040015.OF,294552599.89 
050012.OF,569655715.92 
050022.OF,70704837.58 
070018.OF,483950002.97 
080002.OF,184266098.85 
080008.OF,1941181340.57 
100029.OF,2912532558.93 
110010.OF,8190216892.11 
110012.OF,479390247.03 
121006.OF,572790860.51 
160220.OF,3464414886.74 
160226.OF,598666.87 
160624.OF,430795868.82 
160627.OF,362773343.61 
160812.OF,297883643.88 
160813.OF,390225916.39 
161219.OF,69939524.19 
161224.OF,474721746.42 
161722.OF,4261020786.66 
162211.OF,53562222.42 
162414.OF,469077034.44 
163001.OF,153362658.81 
163402.OF,6878755443.39 
163807.OF,423913638.51 
163809.OF,328768430.99 
163810.OF,301058356.94 
164205.OF,215248135.42 
165526.OF,493903480.49 
165527.OF,329496836.22 
166002.OF,3681495973.62 
166019.OF,889913888.86 
166020.OF,322390936.95 
166301.OF,116184055.81 
166801.OF,194447211.28 
180018.OF,307510930.96 
180020.OF,344721110.84 
200001.OF,902221219.03 
200007.OF,2730451116.01 
200011.OF,104851377.62 
202023.OF,405604946.69 
202027.OF,581922802.93 
206001.OF,2591493325.11 
210001.OF,518809433.56 
210002.OF,91980042.31 
210007.OF,67463545.07 
210010.OF,9417134.25 
210011.OF,1093000413.67 
213001.OF,1444807696.69 
213006.OF,2330726353.63 
217021.OF,87256208.14 
233008.OF,363677249.90 
240002.OF,597677206.28 
260103.OF,1658945635.77 
270022.OF,449684819.98 
290005.OF,106334036.37 
290012.OF,1131467808.53 
320006.OF,4312423465.19 
320018.OF,75348990.21 
340008.OF,1072532176.98 
350007.OF,1747923857.50 
350009.OF,33099876.83 
360011.OF,1502794160.56 
393001.OF,51879656.36 
398031.OF,217065323.39 
398051.OF,82956439.09 
400001.OF,1279062751.52 
400015.OF,50960401.61 
400018.OF,12940531.45 
400022.OF,2092570881.31 
400023.OF,626495004.78 
400025.OF,218590581.98 
410006.OF,25842381.94 
410007.OF,959623273.01 
420001.OF,1882196728.66 
450010.OF,71592826.82 
470021.OF,51460871.09 
487021.OF,
501000.OF,25360160.01 
519003.OF,1353506954.37 
519007.OF,605205764.12 
519029.OF,2454772617.40 
519050.OF,2583968940.86 
519066.OF,840740656.61 
519091.OF,280610402.14 
519113.OF,609393700.11 
519120.OF,1907359536.13 
519125.OF,139832833.20 
519126.OF,117022110.77 
519127.OF,3841456498.94 
519130.OF,1433472873.49 
519132.OF,318813012.97 
519156.OF,3632407329.99 
519157.OF,41739498.81 
519165.OF,221433683.47 
519170.OF,3188189800.77 
519171.OF,2375759836.15 
519172.OF,433190451.08 
519173.OF,233239570.68 
519176.OF,
519177.OF,300928211.98 
519183.OF,999645087.51 
519191.OF,638993854.55 
519196.OF,254915888.20 
519640.OF,190086911.68 
519641.OF,23255683.23 
519642.OF,
519644.OF,731933801.65 
519646.OF,1420564759.44 
519647.OF,2809009960.54 
519651.OF,2667971068.72 
519652.OF,2280012087.50 
519653.OF,31206988.05 
519655.OF,2967253258.04 
519656.OF,125833175.50 
519657.OF,121645618.65 
519690.OF,3518892623.70 
519697.OF,297483129.15 
519700.OF,916342746.38 
519710.OF,191549869.97 
519738.OF,3016588831.47 
519752.OF,5042982288.28 
519755.OF,1741010243.06 
519756.OF,1827355880.97 
519759.OF,927408422.04 
519760.OF,222065.62 
519761.OF,2260760643.93 
519764.OF,264815773.63 
519908.OF,1495892395.33 
519909.OF,860461971.60 
519918.OF,1140063476.63 
519951.OF,
519956.OF,109964082.44 
519957.OF,20541407.80 
519959.OF,823812652.91 
519960.OF,503160718.21 
519961.OF,1010776409.85 
519962.OF,1129240596.76 
519963.OF,1563023778.40 
519969.OF,52251641.32 
519971.OF,2170199345.38 
519991.OF,1640109829.54 
530005.OF,2892461724.59 
530012.OF,289575692.54 
530016.OF,40365639.11 
540003.OF,851981879.67 
560006.OF,52844615.97 
571002.OF,43614905.65 
580005.OF,103747490.88 
580009.OF,34966480.14 
590003.OF,1361751959.64 
590006.OF,1430919234.83 
610002.OF,175583033.72 
620002.OF,27130144.53 
630005.OF,2358382723.23 
630008.OF,1616188873.05 
630015.OF,1855433652.68 
630016.OF,1954816716.22 
673010.OF,91178775.08 
673020.OF,3729030502.18 
673030.OF,5485449273.54 
673040.OF,
673050.OF,200038186.97 
680001.OF,3000365921.15 
690001.OF,206314371.29 
690009.OF,173558752.97 
690011.OF,112821871.36 
710002.OF,199641734.65 
720001.OF,1008800362.92 
750001.OF,148043746.56 
750005.OF,305462441.97 
762001.OF,936458409.40 
770001.OF,41108889.06 
960004.OF,
960009.OF,
960017.OF,
