date,000749.OF,001495.OF,002001.OF,002021.OF,002162.OF,040001.OF,040004.OF,050001.OF,050007.OF,050201.OF,090001.OF,100016.OF,110001.OF,121002.OF,161605.OF,180001.OF,202002.OF,270001.OF,373010.OF,519654.OF,519732.OF,960002.OF
2001/12/21,,,,,,1.002,,,,,,,,,,,,,,,,
2001/12/28,,,,,,1.011,,,,,,,,,,,,,,,,
2002/1/4,,,,,,1.008,,,,,,,,,,,,,,,,
2002/1/11,,,,,,1.003,,,,,,,,,,,,,,,,
2002/1/18,,,,,,0.999,,,,,,,,,,,,,,,,
2002/1/25,,,,,,1.008,,,,,,,,,,,,,,,,
2002/2/1,,,,,,1.012,,,,,,,,,,,,,,,,
2002/2/8,,,,,,1.018,,,,,,,,,,,,,,,,
2002/2/15,,,,,,1.018,,,,,,,,,,,,,,,,
2002/2/22,,,,,,1.018,,,,,,,,,,,,,,,,
2002/3/1,,,,,,1.017,,,,,,,,,,,,,,,,
2002/3/8,,,,,,1.03,,,,,,,,,,,,,,,,
2002/3/15,,,,,,1.027,,,,,,,,,,,,,,,,
2002/3/22,,,,,,1.036,,,,,,,,,,,,,,,,
2002/3/29,,,,,,1.027,,,,,,,,,,,,,,,,
2002/4/5,,,,,,1.032,,,,,,,,,,,,,,,,
2002/4/12,,,,,,1.044,,,,,,,,,,,,,,,,
2002/4/19,,,,,,1.04,,,,,,,,,,,,,,,,
2002/4/26,,,,,,1.038,,,,,,,,,,,,,,,,
2002/5/3,,,,,,1.043,,,,,,,,,,,,,,,,
2002/5/10,,,,,,1.038,,,,,,,,,,,,,,,,
2002/5/17,,,,,,1.028,,,,,,,,,,,,,,,,
2002/5/24,,,,,,1.026,,,,,,,,,,,,,,,,
2002/5/31,,,,,,1.019,,,,,,,,,,,,,,,,
2002/6/7,,,,,,1.025,,,,,,,,,,,,,,,,
2002/6/14,,,,,,1.023,,,,,,,,,,,,,,,,
2002/6/21,,,,,,1.032,,,,,,,,,,,,,,,,
2002/6/28,,,,,,1.0729,,,,,,,,,,,,,,,,
2002/7/5,,,,,,1.0688,,,,,,,,,,,,,,,,
2002/7/12,,,,,,1.0606,,,,,,,,,,,,,,,,
2002/7/19,,,,,,1.0627,,,,,,,,,,,,,,,,
2002/7/26,,,,,,1.0443,,,,,,,,,,,,,,,,
2002/8/2,,,,,,1.0453,,,,,,,,,,,,,,,,
2002/8/9,,,,,,1.0371,,,,,,,,,,,,,,,,
2002/8/16,,,,,,1.0371,,,,,,,,,,,,,,,,
2002/8/23,,,,,,1.0504,,,,,,,,,,,,,,,,
2002/8/30,,,,,,1.0432,,,,,,0.9972,,,,,,,,,,
2002/9/6,,,,,,1.0279,,,,,,0.9878,,,,,,,,,,
2002/9/13,,,,,,1.0259,,,,,,0.9853,0.998,,,,,,,,,
2002/9/20,,,,,,1.0208,,,,,,0.9802,0.997,,,,,,,,,
2002/9/27,,,,,,1.0146,,,,,,0.9763,0.996,,,,,,,,,
2002/10/4,,,,,,1.0146,,,,,,0.9763,0.996,,,,,,,,,
2002/10/11,,,,,,0.9891,,,,,,0.9628,0.992,,,,,,,,,
2002/10/18,,,,,,0.984,,,,,,0.9606,0.992,,,,,,,,,
2002/10/25,,,,,,0.983,,,,,,0.9614,0.992,,,,,,,,,
2002/11/1,,,,,,0.983,,1.001,,,,0.958,0.992,,,,,,,,,
2002/11/8,,,,,,0.984,,1.003,,,,0.9596,0.993,,,,,,,,,
2002/11/15,,,,,,0.9686,,1.002,,,1,0.9479,0.989,,,,,,,,,
2002/11/22,,,,,,0.9462,,0.993,,,1,0.9307,0.982,,,1.0003,,,,,,
2002/11/29,,,,,,0.9574,,1,,,1.0001,0.9389,0.986,,,1.0005,,,,,,
2002/12/6,,,,,,0.9482,,0.996,,,1.0001,0.9329,0.983,,,1.0005,,,,,,
2002/12/13,,,,,,0.9462,,0.994,,,0.9998,0.9308,0.982,,,1.0005,,,,,,
2002/12/20,,,,,,0.9554,,0.999,,,1.0021,0.9381,0.986,,,1.0011,,,,,,
2002/12/27,,,,,,0.9441,,0.986,,,0.9986,0.9272,0.979,,,1.0013,,,,,,
2003/1/3,,,,,,0.9114,,0.962,,,0.9933,0.909,0.965,,,1.0014,,,,,,
2003/1/10,,,,,,0.936,,0.982,,,1.0037,0.9267,0.978,,,1.0034,,,,,,
2003/1/17,,,,,,0.9676,,1.022,,,1.0212,0.9511,1.003,,,1.0041,,,,,,
2003/1/24,,,,,,0.9666,,1.027,,,1.0119,0.9512,1.003,,,1.0028,,,,,,
2003/1/31,,,,,,0.9768,,1.041,,,1.0274,0.9577,1.011,,,1.0048,,,,,,
2003/2/7,,,,,,0.9768,,1.041,,,1.0274,0.9577,1.011,,,1.0048,,,,,,
2003/2/14,,,,,,0.9799,,1.044,,,1.0243,0.9602,1.01,,,1.0057,,,,,,
2003/2/21,,,,,,0.9727,,1.039,,,1.0145,0.9547,0.998,,,1.0038,,,,,,
2003/2/28,,,,,,0.986,,1.058,,,1.0195,0.9618,1.012,,,1.0062,,,,,,
2003/3/7,,,,,,0.985,,1.062,,,1.016,0.9591,1.008,,,1.0063,,,,,,
2003/3/14,,,,,,0.9778,,1.065,,,1.0068,0.9554,0.999,,,1.005,,,,,,
2003/3/21,,,,,,0.9819,,1.072,,,1.0097,0.9582,1.008,,,1.0053,,,,,,
2003/3/28,,,,,,0.9922,,1.085,,,1.0234,0.9627,1.02,,,1.0123,,,,,,
2003/4/4,,,,,,1.0034,,1.113,,,1.0347,0.9695,1.035,,,1.0253,,,,,,
2003/4/11,,,,,,1.0392,,1.163,,,1.0811,0.9961,1.071,,,1.0742,,,,,,
2003/4/18,,,,,,1.0555,,1.209,,,1.1103,1.0023,1.083,,,1.1082,,,,,,
2003/4/25,,,,,,0.9973,,1.13,,,1.055,0.9587,1.026,,,1.0333,,,,,,
2003/5/2,,,,,,1.0259,,1.192,,,1.1045,0.9878,1.064,,,1.0764,,,,,,
2003/5/9,,,,,,1.0259,,1.192,,,1.1045,0.9878,1.064,,,1.0764,,,,,,
2003/5/16,,,,,,1.0443,,1.227,,,1.1361,1.0083,1.0887,,,1.1193,,,,,,
2003/5/23,,,,,,1.0504,,1.2487,,,1.1476,1.0165,1.0927,,,1.1433,,,,,,
2003/5/30,,,,,,1.0463,,1.2518,,,1.1349,1.0143,1.0948,,,1.1263,,,,,,
2003/6/6,,,,,,1.0289,,1.2177,,,1.1104,0.9931,1.0764,,,1.0849,,,,,,
2003/6/13,,,,,,1.0412,,1.228,,,1.1139,1.0063,1.0866,,,1.0731,,,,,,
2003/6/20,,,,,,1.0248,,1.2126,,,1.0951,0.9866,1.0632,,,1.0568,,,,,,
2003/6/27,,,,,,1.0165,,1.1909,,,1.0875,0.9782,1.053,,,1.0415,,,,,,
2003/7/4,,,,,,1.0259,,1.228,,,1.1049,0.994,1.0623,,,1.0737,,,,,,
2003/7/11,,,,,,1.0405,,1.2569,,,1.1258,1.009,1.0779,,,1.0813,,,,,,
2003/7/18,,,,,,1.0384,,1.2642,,,1.1343,1.0074,1.079,,,1.0764,,,,,,
2003/7/25,,,,,,1.028,,1.2301,,,1.109,0.9959,1.0644,,,1.0523,,,,,,
2003/8/1,,,,,,1.0363,,1.2414,,,1.1095,1.0037,1.0738,,,1.0555,,,,,,
2003/8/8,,,,,,1.0311,,1.226,,,1.106,0.9951,1.0655,,,1.0503,,,,,,
2003/8/15,,,,,,1.0165,,1.2019,,,1.0884,0.9774,1.0509,,,1.0351,,,,,,
2003/8/22,,,,,,1.0144,,1.1944,,,1.0837,0.9718,1.0499,,,1.0252,,,,,,
2003/8/29,,,,,,1.0103,,1.1998,,,1.0728,0.9705,1.0436,,,1.0287,,,,,,
2003/9/5,,,,,,1.0124,,1.1998,,,1.074,0.9686,1.0415,,,1.0252,,,,,,
2003/9/12,,,,,,1.002,,1.1857,,,1.0648,0.9636,1.0312,,,1.0155,,,,,,
2003/9/19,,,,,,0.9884,,1.1728,,,1.0486,0.9526,1.0228,,,1.0047,,,,,,
2003/9/26,,,,,,0.9739,,1.1576,,,1.0386,0.9407,1.0124,,,0.9935,,,,,,
2003/10/3,,,,,,0.977,,1.1587,,,1.0376,0.9436,1.0145,,,0.999,,,,,,
2003/10/10,,,,,,0.9936,,1.1868,,,1.0544,0.9588,1.0301,,,1.0218,,,,,,
2003/10/17,,,,,,0.9811,,1.1684,,,1.0391,0.9504,1.0218,,,1.0111,,,,,,
2003/10/24,,,0.996,,,0.9988,,1.2041,,,1.057,0.9672,1.0353,,,1.0304,,,,,,
2003/10/31,,,1.002,,,1.0051,,1.2182,,,1.0675,0.9729,1.0457,,1.001,1.038,,,,,,
2003/11/7,,,1.007,,,1.0165,,1.2246,,,1.0746,0.9802,1.0519,,1.001,1.0525,,,,,,
2003/11/14,,,1.004,,,1.0144,,1.2138,,,1.0623,0.9782,1.0488,,1.002,1.0477,,,,,,
2003/11/21,,,1.012,,,1.0165,,1.2203,,,1.0759,0.9811,1.0519,,1.008,1.0522,,,,,,
2003/11/28,,,1.02,,,1.03,,1.243,,,1.0824,0.9956,1.0717,,1.011,1.072,,,,,,
2003/12/5,,,1.035,,,1.0571,,1.2798,,,1.1103,1.0236,1.106,,1.019,1.1021,,,,,,
2003/12/12,,,1.052,,,1.0623,,1.27,,,1.123,1.0294,1.1257,,1.023,1.1,,,,,,
2003/12/19,,,1.063,,,1.0779,,1.2765,,,1.1361,1.0508,1.1372,,1.022,1.1222,,,,,,
2003/12/26,,,1.0946,,,1.1102,,1.3262,,,1.185,1.0827,1.1901,,1.0571,1.1666,,,,,,
2004/1/2,,,1.0926,,,1.1102,,1.3284,,,1.1888,1.0887,1.1891,,1.0561,1.1618,,1.0328,,,,
2004/1/9,,,1.1415,,,1.1601,,1.3914,,,1.2536,1.1421,1.2388,,1.1125,1.2429,,1.0612,,,,
2004/1/16,,,1.1456,,,1.1757,,1.4201,,,1.2698,1.1493,1.2568,,1.1407,1.2491,,1.0618,,,,
2004/1/23,,,1.1456,,,1.1757,,1.4201,,,1.2698,1.1493,1.2568,,1.1407,1.2491,,1.0618,,,,
2004/1/30,,,1.1339,,,1.1528,,1.4035,,,1.2553,1.1308,1.2388,,1.1649,1.2264,,1.0414,,,,
2004/2/6,,,1.167,,,1.184,,1.4378,,,1.2881,1.154,1.2716,,1.2078,1.2791,,1.0763,,,,
2004/2/13,,,1.1484,,,1.1684,,1.4356,,,1.2795,1.1458,1.2547,,1.2047,1.2587,,1.0572,,,,
2004/2/20,,,1.1616,,,1.1996,,1.4676,,,1.3038,1.1802,1.2791,,1.2173,1.316,,1.0721,,,,
2004/2/27,,,1.1489,,,1.1944,,1.4654,,,1.2928,1.1768,1.2579,,1.1878,1.3313,,1.0602,,,,
2004/3/5,,,1.1363,,,1.1788,,1.4499,,,1.2853,1.1653,1.2536,,1.1693,1.3185,,1.0584,,,,
2004/3/12,,,1.1732,,,1.2198,,1.4809,,,1.3179,1.1865,1.2833,,1.1813,1.3485,,1.0879,,,,
2004/3/19,,,1.2063,,,1.2479,,1.5107,,,1.3428,1.2105,1.3182,,1.2064,1.3774,,1.1153,,,,
2004/3/26,,,1.1977,,,1.2263,,1.5096,,,1.3325,1.2032,1.3214,,1.2075,1.3607,,1.1195,,,,
2004/4/2,,,1.216,,,1.2414,,1.5395,,,1.3512,1.2206,1.3542,,1.2282,1.3733,,1.1486,,,,
2004/4/9,,,1.1993,,,1.2166,,1.5174,,,1.3426,1.2172,1.3458,,1.2151,1.3521,,1.1475,,,,
2004/4/16,,,1.1839,,,1.2015,,1.4953,,,1.3195,1.1981,1.3299,,1.1955,1.3259,,1.1288,,,,
2004/4/23,,,1.1526,,,1.1724,,1.4555,,,1.2943,1.173,1.2928,,1.1624,1.2827,,1.0921,,,,
2004/4/30,,,1.1459,,,1.1476,,1.4168,,,1.2723,1.1525,1.2727,,1.1591,1.2434,,1.0759,,,,
2004/5/7,,,1.1459,,,1.1476,,1.4168,,,1.2723,1.1525,1.2727,,1.1591,1.2434,,1.0759,,,,
2004/5/14,,,1.1125,,,1.1184,,1.3748,,,1.2379,1.1392,1.2547,,1.1305,1.2051,,1.0509,,,,
2004/5/21,,,1.1047,,,1.106,,1.3637,,,1.2314,1.135,1.2356,,1.1239,1.1914,,1.0376,,,,
2004/5/28,,,1.1136,,,1.1184,,1.3693,,,1.2394,1.1425,1.2484,,1.1327,1.1987,,1.0483,,,,
2004/6/4,,,1.1047,,,1.1139,,1.3626,,,1.2285,1.1345,1.2494,,1.1371,1.1916,,1.0514,,,,
2004/6/11,,,1.0746,,,1.0878,,1.3211,,,1.2061,1.1108,1.2277,,1.0996,1.1656,,1.0297,,,,
2004/6/18,,,1.0534,,,1.0584,,1.2713,,,1.186,1.0863,1.2016,,1.0776,1.1402,,1.012,,,,
2004/6/25,,,1.0322,,,1.0448,,1.2498,,,1.1747,1.0823,1.1983,,1.0666,1.1332,,0.9973,,,,
2004/7/2,,,1.0668,,,1.0776,,1.2962,,,1.2124,1.0917,1.2331,,1.061,1.1625,,1.0287,,,,
2004/7/9,,,1.069,,,1.0788,,1.286,,,1.2114,1.0897,1.2342,0.9558,1.0588,1.1589,,1.0341,,,,
2004/7/16,,,1.1047,,,1.1026,,1.3166,,,1.2446,1.1061,1.2744,0.9668,1.0776,1.1915,,1.0752,,,,
2004/7/23,,,1.0891,,,1.0776,,1.2735,,,1.2092,1.0909,1.2614,0.9581,1.0644,1.1725,,1.0673,,,,
2004/7/30,,,1.079,,,1.0708,,1.2588,,,1.1939,1.0893,1.257,0.9555,1.061,1.1615,,1.0581,,,,
2004/8/6,,,1.0634,,,1.0674,,1.2701,,,1.1825,1.0834,1.2462,0.9494,1.0577,1.1486,,1.0441,,,,
2004/8/13,,,1.0735,,,1.0708,,1.2758,,,1.1892,1.0793,1.2527,0.9488,1.0467,1.1544,,1.0545,,,,
2004/8/20,,,1.0757,,,1.0731,,1.2803,,,1.1949,1.0682,1.2483,0.9491,1.0346,1.1569,,1.0508,,,,
2004/8/27,,,1.0545,,,1.055,,1.2498,,,1.1735,1.0641,1.2201,0.9389,1.0236,1.1335,,1.0306,,,,
2004/9/3,,,1.0467,,,1.0482,,1.243,,,1.1644,1.0618,1.2146,0.9378,1.0291,1.1291,,1.0201,,,,
2004/9/10,,,1.0289,,,1.03,1.004,1.2067,,,1.1455,1.0458,1.2005,0.9302,1.0181,1.1144,,1.0072,,,,
2004/9/17,,,1.0902,,,1.0946,1.006,1.3132,,,1.2093,1.1019,1.2722,0.9597,1.0544,1.1783,,1.0635,,,,
2004/9/24,,,1.1024,,,1.1184,1.012,1.3483,,,1.2315,1.1166,1.3095,0.9752,1.0666,1.1956,,1.1009,,,,
2004/10/1,,,1.1024,,,1.1173,1.011,1.3268,,,1.229,1.1116,1.315,0.9833,1.0633,1.2052,,1.1161,,,,
2004/10/8,,,1.1158,,,1.132,1.014,1.3415,,,1.2436,1.1236,1.3393,0.9997,1.0688,1.229,,1.1455,,,,
2004/10/15,,,1.0868,,,1.0833,1.003,1.2645,,,1.1977,1.0845,1.3006,0.9677,1.05,1.1825,,1.1052,,,,
2004/10/22,,,1.1036,,,1.0958,1.014,1.3041,,,1.2213,1.0986,1.3271,0.9892,1.0555,1.2016,,1.154,,,,
2004/10/29,,,1.0969,,,1.0765,1.013,1.2543,,,1.205,1.1015,1.3128,0.9828,1.0566,1.1725,,1.1493,,,,
2004/11/5,,,1.079,,,1.0731,1.006,1.2407,,,1.1883,1.0898,1.294,0.9668,1.0511,1.1492,,1.1191,,,,
2004/11/12,,,1.1036,,,1.0992,1.022,1.2792,,,1.2226,1.1163,1.3183,0.9839,1.0699,1.1719,,1.1505,,,,
2004/11/19,,,1.1136,,,1.1173,1.029,1.3041,,,1.2324,1.1341,1.3284,0.9917,1.0831,1.1909,,1.1617,,,,
2004/11/26,,,1.1002,,,1.0992,1.017,1.2701,,,1.215,1.1193,1.3101,0.9775,1.071,1.1739,,1.142,,,,
2004/12/3,,,1.0868,,,1.081,1.007,1.2498,,,1.1942,1.1022,1.2906,0.9604,1.0622,1.1562,,1.1177,,,,
2004/12/10,,,1.0868,,,1.0844,1.007,1.2554,,,1.1929,1.0974,1.2895,0.9552,1.0544,1.1603,,1.1122,,,,
2004/12/17,,,1.0824,,,1.0776,1.001,1.235,,,1.181,1.0865,1.2849,0.9508,1.0456,1.1527,,1.1053,,,,
2004/12/24,,,1.0779,,,1.0686,0.995,1.2169,,,1.1747,1.0826,1.2758,0.9453,1.0379,1.1473,,1.084,,,,
2004/12/31,,,1.0879,,,1.0776,1.002,1.218,,,1.1806,1.0855,1.2769,0.9494,1.0412,1.1563,,1.0971,,,,
2005/1/7,,,1.0801,,,1.0436,0.997,1.175,,,1.1555,1.0696,1.2563,0.9411,1.0203,1.1392,,1.0825,,,,
2005/1/14,,,1.0846,,,1.0527,0.999,1.1818,,,1.1609,1.0687,1.2655,0.9461,1.0225,1.1493,,1.0956,,,,
2005/1/21,,,1.0801,,,1.0425,0.991,1.1818,,,1.1538,1.0552,1.2563,0.935,1.0236,1.1497,,1.0883,,,,
2005/1/28,,,1.0857,,,1.0459,0.997,1.1738,,,1.1519,1.05,1.2678,0.9376,1.0192,1.1591,,1.0995,,,,
2005/2/4,,,1.1303,,,1.0969,1.021,1.2622,,,1.2115,1.0916,1.3238,0.9646,1.0577,1.2134,,1.1448,,,,
2005/2/11,,,1.1303,,,1.0969,1.021,1.2622,,,1.2115,1.0916,1.3238,0.9646,1.0577,1.2134,,1.1448,,,,
2005/2/18,,,1.1136,,,1.0856,1.015,1.2316,,,1.1929,1.0767,1.3066,0.9533,1.0434,1.1938,,1.132,,,,
2005/2/25,,,1.137,,,1.1094,1.032,1.2735,,,1.2198,1.0978,1.3318,0.9726,1.0776,1.2234,,1.1626,,,,
2005/3/4,,,1.1203,,,1.0992,1.027,1.2362,,,1.2009,1.0821,1.3192,0.9691,1.0588,1.2066,,1.1626,,,,
2005/3/11,,,1.1359,,,1.1184,1.053,1.2407,,,1.2127,1.0819,1.3478,0.9933,1.0544,1.2469,,1.1986,,,,
2005/3/18,,,1.118,,,1.1037,1.04,1.1863,,,1.1833,1.0609,1.3306,0.9823,1.0324,1.2164,,1.18,,,,
2005/3/25,,,1.1169,,,1.106,1.049,1.1852,,,1.1792,1.0668,1.3284,0.9849,1.0181,1.2014,,1.1791,,,,
2005/4/1,,,1.1392,,,1.1388,1.072,1.2033,,,1.1999,1.0841,1.3547,0.9993,1.0324,1.2293,,1.216,,,,
2005/4/8,,,1.1816,,,1.1762,1.106,1.226,,,1.2282,1.0948,1.3821,1.0213,1.0555,1.2718,,1.2556,,,,
2005/4/15,,,1.1559,,,1.1626,1.094,1.2056,,,1.2043,1.0807,1.3615,0.9931,1.0313,1.2434,,1.2249,,,,
2005/4/22,,,1.1537,,,1.1547,1.094,1.1863,,,1.1924,1.0696,1.3444,0.9968,1.0247,1.2377,,1.2197,,,,
2005/4/29,,,1.1693,,,1.157,1.0971,1.1976,,,1.2043,1.0738,1.3479,1.0028,1.028,1.252,,1.2257,,,,
2005/5/6,,,1.1693,,,1.157,1.0971,1.1976,,,1.2043,1.0738,1.3479,1.0028,1.028,1.252,,1.2257,,,,
2005/5/13,,,1.0958,,,1.0867,1.0431,1.133,,,1.1479,1.0223,1.2781,0.9532,0.9751,1.1753,,1.154,,,,
2005/5/20,,,1.0935,,,1.0674,1.0319,1.1195,,,1.1524,1.0216,1.2688,0.9453,0.9619,1.1676,,1.1345,,,,
2005/5/27,,,1.0434,,,1.0108,0.9881,1.0855,,,1.1116,0.9778,1.2199,0.909,0.9277,1.1357,,1.083,,,,
2005/6/3,,,1.0155,,,0.97,0.9585,1.0481,,,1.0867,0.9424,1.185,0.8795,0.8848,1.1042,,1.0393,,,,
2005/6/10,,,1.0846,,,1.0527,1.0197,1.1217,,,1.1577,1.0073,1.2571,0.9327,0.952,1.1459,,1.1189,,,,
2005/6/17,,,1.0779,,,1.0267,1.0064,1.107,,,1.152,1.004,1.2595,0.9222,0.9299,1.1447,,1.105,,,,
2005/6/24,,,1.1024,,,1.064,1.04,1.133,,,1.1775,1.0218,1.2862,0.9371,0.9476,1.1617,,1.1414,,,,
2005/7/1,,,1.0768,,,1.0516,1.0268,1.1025,,,1.1551,0.9964,1.2659,0.9219,0.9299,1.1371,,1.12,,,,
2005/7/8,,,1.059,,,1.0323,1.0156,1.0809,,,1.1446,0.9826,1.2492,0.9131,0.9123,1.1187,,1.1069,,,,
2005/7/15,,,1.0768,,,1.0527,1.0268,1.0979,,,1.1661,0.9936,1.2659,0.9285,0.9465,1.1405,,1.1256,,,,
2005/7/22,,,1.0902,,,1.064,1.037,1.1262,,,1.1801,1.0042,1.2814,0.9357,0.9553,1.1469,,1.1342,,,,
2005/7/29,,,1.1058,,,1.0788,1.0482,1.1602,,,1.2008,1.0223,1.3018,0.9508,0.9817,1.171,,1.1525,,,,
2005/8/5,,,1.1236,,,1.1071,1.0706,1.1976,,,1.2236,1.0399,1.3304,0.9638,1.0236,1.1964,,1.1821,,,,
2005/8/12,,,1.1236,,,1.1037,1.0757,1.2044,,,1.2326,1.0515,1.3352,0.9726,1.0456,1.2202,,1.186,,,,
2005/8/19,,,1.1158,,,1.0878,1.0706,1.1818,,,1.2256,1.0454,1.3233,0.9705,1.0324,1.2077,,1.1745,,,,
2005/8/26,,,1.1192,,,1.089,1.0767,1.1818,,,1.2258,1.0524,1.3245,0.98,1.0379,1.2145,,1.1775,,,,
2005/9/2,,,1.1415,,,1.1094,1.0961,1.1988,,,1.2453,1.0641,1.3412,1.0033,1.05,1.234,,1.1979,,,,
2005/9/9,,,1.1426,,,1.1139,1.0991,1.2112,,,1.2406,1.0728,1.3496,1.0049,1.0555,1.2384,,1.203,,,,
2005/9/16,,,1.1559,,,1.1298,1.1154,1.2192,,,1.2477,1.088,1.3579,1.0079,1.0677,1.261,,1.2231,,,,
2005/9/23,,,1.1281,,,1.0969,1.0818,1.1795,,,1.2093,1.0507,1.3257,0.9857,1.0489,1.2281,,1.1817,,,,
2005/9/30,,,1.1459,,,1.1116,1.0952,1.1852,,,1.2174,1.0647,1.3316,0.9998,1.0677,1.2501,,1.1996,,,,
2005/10/7,,,1.1459,,,1.1116,1.0952,1.1852,,,1.2174,1.0647,1.3316,0.9998,1.0677,1.2501,,1.1996,,,,
2005/10/14,,,1.1403,,,1.0992,1.091,1.1818,,,1.1986,1.0769,1.3269,1.0072,1.0831,1.2439,,1.1923,,,,
2005/10/21,,,1.1392,,,1.1173,1.1025,1.1886,,,1.198,1.0835,1.3209,1.0092,1.0963,1.2448,,1.2038,,,,
2005/10/28,,,1.1169,,,1.0912,1.0763,1.1534,,,1.1725,1.0701,1.3006,0.9887,1.0699,1.2179,,1.1752,,,,
2005/11/4,,,1.1102,,,1.0878,1.0722,1.1591,,,1.1798,1.0395,1.2957,0.9897,1.082,1.211,,1.169,,,,
2005/11/11,,,1.1125,,,1.0867,1.0743,1.1602,,,1.1677,1.0363,1.2847,0.9873,1.0853,1.2024,,1.1712,,,,
2005/11/18,,,1.0958,,,1.081,1.0732,1.175,,,1.1763,1.0349,1.2872,0.9726,1.0809,1.1953,,1.171,,,,
2005/11/25,,,1.1013,,,1.089,1.0753,1.1716,,,1.1806,1.0322,1.2957,0.9696,1.0655,1.2028,,1.1796,,,,
2005/12/2,,,1.079,,,1.0754,1.0617,1.1682,,,1.165,1.022,1.2726,0.9552,1.0622,1.1813,,1.1546,,,,
2005/12/9,,,1.0857,,,1.0935,1.0753,1.2056,,,1.1827,1.0239,1.2933,0.9626,1.0743,1.1964,,1.1672,,,,
2005/12/16,,,1.1036,,,1.106,1.0889,1.226,,,1.194,1.0308,1.3127,0.9778,1.0842,1.2057,,1.1866,,,,
2005/12/23,,,1.1225,,,1.1286,1.1088,1.2396,,,1.2109,1.042,1.331,0.9928,1.1029,1.2279,,1.2168,,,,
2005/12/30,,,1.147,,,1.1479,1.1298,1.2622,,,1.2401,1.0577,1.3481,1.0169,1.136,1.2596,,1.2435,,,,
2006/1/6,,,1.1794,,,1.1921,1.1686,1.3007,,,1.3005,1.0882,1.4089,1.0452,1.1635,1.3137,,1.2987,,,,
2006/1/13,,,1.1927,,,1.1864,1.178,1.303,,,1.292,1.1053,1.4126,1.0433,1.1712,1.3252,,1.3092,,,,
2006/1/20,,,1.1983,,,1.2,1.1937,1.3121,,,1.3151,1.1271,1.4089,1.0509,1.1922,1.3502,,1.3249,,,,
2006/1/27,,,1.2173,,,1.2238,1.2126,1.3268,,,1.3285,1.1228,1.4284,1.0737,1.2164,1.3894,,1.349,,,,
2006/2/3,,,1.2173,,,1.2238,1.2126,1.3268,,,1.3285,1.1228,1.4284,1.0737,1.2164,1.3894,,1.349,,,,
2006/2/10,,,1.2145,,,1.2306,1.2126,1.3676,,,1.3577,1.1278,1.4479,1.0798,1.2131,1.3974,,1.3659,,,,
2006/2/17,,,1.2122,,,1.234,1.1958,1.3597,,,1.3486,1.1284,1.4552,1.0725,1.1933,1.3776,,1.3641,,,,
2006/2/24,,,1.2338,,,1.2601,1.2115,1.4004,,,1.3699,1.1434,1.4711,1.0958,1.2285,1.3894,,1.3811,,,,
2006/3/3,,,1.2509,,,1.2725,1.2273,1.3823,,,1.3765,1.1505,1.4942,1.1039,1.2373,1.4073,,1.3995,,,,
2006/3/10,,,1.2327,,,1.2397,1.2147,1.3642,,,1.3321,1.1281,1.4625,1.0825,1.2098,1.3812,,1.372,,,,
2006/3/17,,,1.2668,,,1.2623,1.2398,1.3835,,,1.3595,1.1418,1.4905,1.107,1.2296,1.4056,,1.4078,,,,
2006/3/24,,,1.3044,,,1.2963,1.2678,1.3936,,,1.3824,1.1552,1.5271,1.1508,1.2406,1.4275,,1.4392,,,,
2006/3/31,,,1.359,,,1.3315,1.3155,1.4106,,,1.4303,1.1661,1.5673,1.1998,1.2957,1.4946,,1.5195,,,,
2006/4/7,,,1.4229,,,1.3813,1.3871,1.4412,,,1.483,1.201,1.6172,1.2416,1.3718,1.5659,,1.5956,,,,
2006/4/14,,,1.4299,,,1.4017,1.4012,1.4628,,,1.4739,1.2117,1.605,1.2343,1.3733,1.545,,1.591,,,,
2006/4/21,,,1.498,,,1.4788,1.4663,1.465,,,1.5572,1.2491,1.6744,1.2824,1.3848,1.6029,,1.7003,,,,
2006/4/28,,,1.5812,,,1.5513,1.54,1.5169,,,1.634,1.2878,1.7572,1.3428,1.4364,1.6828,,1.7805,,,,
2006/5/5,,,1.5812,,,1.5513,1.54,1.5169,,,1.634,1.2878,1.7572,1.3428,1.4364,1.6828,,1.7805,,,,
2006/5/12,,,1.8076,,,1.6408,1.6907,1.6265,,,1.8241,1.3807,1.8546,1.4446,1.5373,1.8179,,1.993,,,,
2006/5/19,,,1.8393,,,1.7156,1.7547,1.7173,,,1.84,1.4258,1.9655,1.535,1.5707,1.86,,2.0698,,,,
2006/5/26,,,1.776,,,1.6998,1.7287,1.6513,,,1.804,1.4158,1.9265,1.5079,1.5508,1.8256,,2.0317,,,,
2006/6/2,,,1.8691,,,1.7904,1.7829,1.7538,,,1.8946,1.4696,2.0397,1.5859,1.5967,1.9146,,2.1206,,,,
2006/6/9,,,1.7666,,,1.6718,1.6875,1.6843,,,1.7545,1.3727,1.9423,1.5439,1.5595,1.822,,2.0283,,,,
2006/6/16,,,1.8591,,,1.713,1.7385,1.7149,,,1.816,1.3968,1.9959,1.5882,1.5682,1.8848,,2.0994,,,,
2006/6/23,,,1.8725,,,1.7384,1.7588,1.722,,,1.8821,1.4263,2.0013,1.6231,1.5868,1.9116,,2.1133,,,,
2006/6/30,,,1.9441,,,1.7614,1.8192,1.7514,,,1.9364,1.4696,2.0264,1.6311,1.6413,1.9499,,2.1643,1.0417,,,
2006/7/7,,,1.9537,,,1.7686,1.8584,1.7526,1.017,,1.9776,1.5033,2.0163,1.6321,1.6227,1.9562,,2.1819,1.0577,,,
2006/7/14,,,1.8908,,,1.7335,1.8013,1.7503,1.003,,1.9494,1.4606,1.9699,1.5604,1.5868,1.8992,,2.1309,1.0364,,,
2006/7/21,,,1.8734,,,1.736,1.7913,1.7279,1.004,,1.9301,1.4631,1.9737,1.535,1.5731,1.8964,,2.1045,1.0361,,,
2006/7/28,,,1.8512,,,1.7263,1.779,1.7149,0.998,,1.9393,1.4493,1.9511,1.5176,1.5471,1.8749,,2.0894,1.0268,,,
2006/8/4,,,1.7511,,,1.6161,1.6704,1.5935,0.968,,1.8175,1.3691,1.8242,1.432,1.4864,1.7725,,1.9776,0.9943,,,
2006/8/11,,,1.7733,,,1.6645,1.7062,1.6277,0.982,,1.8608,1.3996,1.8682,1.4567,1.5199,1.8018,,2.0169,1.005,,,
2006/8/18,,,1.7497,,,1.6597,1.7051,1.6383,0.981,,1.8469,1.4064,1.8544,1.4349,1.5211,1.7922,,2.0057,1.0011,,,
2006/8/25,,,1.7872,,,1.7009,1.7521,1.6654,0.99,,1.8834,1.4521,1.8971,1.4751,1.5261,1.8254,1.0293,2.067,1.0101,,,
2006/9/1,,,1.8484,1.001,,1.7299,1.77,1.696,0.998,,1.9171,1.4615,1.9335,1.4873,1.5484,1.8595,1.033,2.1193,1.0178,,,
2006/9/8,,,1.8442,1.004,,1.7396,1.7767,1.709,1.006,,1.929,1.4905,1.9335,1.4903,1.5384,1.8783,1.0387,2.1237,1.0249,,,
2006/9/15,,,1.8581,1.015,,1.7614,1.8013,1.762,1.011,,1.9356,1.4899,1.9649,1.5015,1.5744,1.8901,1.0459,2.1507,1.0356,,,
2006/9/22,,,1.9193,1.028,,1.7965,1.8282,1.775,1.021,,1.9604,1.5102,2.0025,1.555,1.5694,1.94,1.0572,2.233,1.049,,,
2006/9/29,,,1.9443,1.037,,1.8328,1.8707,1.8021,1.032,,1.9678,1.5197,2.0201,1.6128,1.6078,1.9807,1.072,2.2666,1.0643,,,
2006/10/6,,,1.9443,1.037,,1.8328,1.8707,1.8021,1.032,,1.9678,1.5197,2.0201,1.6126,1.6078,1.9807,1.072,2.2665,1.0643,,,
2006/10/13,,,1.9207,1.037,,1.8485,1.8785,1.7974,1.041,,1.9736,1.5446,2.0126,1.5986,1.6648,1.9808,1.0649,2.2442,1.0733,,,
2006/10/20,,,1.9151,1.046,,1.8522,1.8841,1.8269,1.053,1.009,2.0189,1.556,2.0226,1.5936,1.6834,1.9947,1.0712,2.2421,1.078,,,
2006/10/27,,,1.9068,1.045,,1.8679,1.9009,1.8363,1.052,1.02,2,1.5488,2.0515,1.6123,1.6759,2.0088,1.0801,2.2444,1.0846,,,
2006/11/3,,,1.9003,1.051,,1.8788,1.9255,1.9212,1.067,1.063,2.04,1.5469,2.0553,1.6106,1.7317,2.0064,1.0981,2.2534,1.0979,,,
2006/11/10,,,1.8976,1.059,,1.8715,1.9143,1.9235,1.086,1.071,2.0326,1.5309,2.0866,1.6214,1.7267,2.0158,1.1028,2.2588,1.0946,,,
2006/11/17,,,1.983,1.098,,1.9442,1.977,1.9978,1.11,1.114,2.1168,1.5408,2.1813,1.7011,1.7726,2.0887,1.1416,2.3378,1.1276,,,
2006/11/24,,,2.0162,1.123,,2.0168,2.0632,2.0426,1.139,1.153,2.1688,1.5825,2.2657,1.7364,1.7961,2.1481,1.1843,2.4379,1.1663,,,
2006/12/1,,,2.1646,1.194,,2.1282,2.2176,2.1675,1.183,1.201,2.3033,1.686,2.3284,1.8438,1.9039,2.2648,1.2434,2.632,1.2258,,,
2006/12/8,,,2.1044,1.171,,2.0955,2.1661,2.151,1.172,1.191,2.2519,1.6717,2.299,1.8321,1.8816,2.1952,1.233,2.5344,1.2039,,,
2006/12/15,,,2.2737,1.279,,2.2807,2.3616,2.3714,1.251,1.292,2.4262,1.7817,2.3335,2.0007,1.9769,2.3193,1.3399,2.7439,1.2961,,,
2006/12/22,,,2.3205,1.302,,2.3231,2.4365,2.3643,1.261,1.288,2.4784,1.7871,2.368,2.0603,1.9584,2.3204,1.3382,2.7629,1.3135,,,
2006/12/29,,,2.4515,1.392,,2.4345,2.5401,2.5423,1.323,1.377,2.6012,1.8509,2.4507,2.1986,2.0798,2.438,1.4208,2.8507,1.3858,,,
2007/1/5,,,2.4381,1.372,,2.4187,2.5709,2.6354,1.343,1.393,2.6446,1.8419,2.4576,2.1819,2.1603,2.4454,1.4215,2.8482,1.4121,,,
2007/1/12,,,2.528,1.4409,,2.5797,2.7251,2.7262,1.411,1.437,2.8262,1.8961,2.5381,2.2739,2.2383,2.5399,1.5128,3.0061,1.4616,,,
2007/1/19,,,2.7663,1.5915,,2.8618,2.9807,2.9053,1.497,1.5416,3.0477,2.0899,2.7059,2.4305,2.3424,2.7135,1.6152,3.264,1.5834,,,
2007/1/26,,,2.8096,1.6087,,2.8836,3.0534,2.9265,1.544,1.567,3.0104,2.1179,2.7841,2.4984,2.354,2.7853,1.6829,3.3368,1.6132,,,
2007/2/2,,,2.6408,1.5091,,2.771,2.8859,2.6719,1.42,1.4483,2.8457,2.0378,2.6209,2.2792,2.2215,2.5935,1.5915,3.1299,1.4868,,,
2007/2/9,,,2.6676,1.4934,,2.8606,2.9234,2.7969,1.476,1.4978,2.9618,2.1121,2.7013,2.3427,2.254,2.6433,1.6259,3.1818,1.5476,,,
2007/2/16,,,2.8631,1.6123,,3.0579,3.1745,3.1269,1.622,1.6405,3.2178,2.2388,2.8738,2.5596,2.3843,2.8988,1.8134,3.437,1.6672,,,
2007/2/23,,,2.8631,1.6123,,3.0579,3.1745,3.1269,1.622,1.6405,3.2178,2.2388,2.8738,2.5596,2.3843,2.8988,1.8134,3.437,1.6672,,,
2007/3/2,,,2.6505,1.481,,2.8497,2.952,2.9654,1.54,1.5303,2.9852,2.0671,2.6898,2.3624,2.2517,2.7076,1.7002,3.2484,1.5541,,,
2007/3/9,,,2.7717,1.5568,,2.9066,3.0556,3.0583,1.59,1.5741,3.0996,2.1503,2.7703,2.4492,2.3145,2.8093,1.7821,3.3497,1.6014,,,
2007/3/16,,,2.7647,1.569,,2.8969,3.0512,3.0134,1.579,1.5543,3.1005,2.1554,2.7634,2.4394,2.2889,2.7845,1.7485,3.3459,1.5952,,,
2007/3/23,,,2.7873,1.5739,,2.9344,3.1217,3.0972,1.606,1.5924,3.1532,2.2022,2.8186,2.4998,2.3587,2.8202,1.7737,3.4388,1.6158,,,
2007/3/30,,,2.8183,1.5825,,2.9199,3.1349,3.1421,1.614,1.6221,3.207,2.2022,2.8416,2.5063,2.3936,2.87,1.8259,3.4575,1.6275,,,
2007/4/6,,,2.944,1.6472,,3.0676,3.2671,3.3246,1.707,1.7252,3.3948,2.2955,2.9749,2.6329,2.4983,2.9972,2.0456,3.6475,1.7235,,,
2007/4/13,,,3.0739,1.7401,,3.2419,3.4213,3.4742,1.763,1.8086,3.602,2.3501,3.1083,2.7474,2.6099,3.1418,2.1523,3.8027,1.8337,,,
2007/4/20,,,3.2157,1.7857,,3.4114,3.4851,3.5281,1.79,1.8242,3.674,2.3615,3.1979,2.8193,2.6541,3.1786,2.1523,3.8791,1.8885,,,
2007/4/27,,,3.2997,1.82,,3.4162,3.5975,3.6478,1.859,1.8708,3.7863,2.3641,3.2715,2.8814,2.7611,3.2272,2.2014,3.9165,1.9454,,,
2007/5/4,,,3.4636,1.9038,,3.478,3.6195,3.7017,1.958,1.899,3.8671,2.3657,3.3152,2.9133,2.8239,3.2838,2.2432,4.0408,1.9608,,,
2007/5/11,,,3.5245,1.9368,,3.5736,3.7121,3.8243,1.969,1.9457,3.942,2.3776,3.3795,2.9757,2.8867,3.3528,2.2341,4.1156,2.0169,,,
2007/5/18,,,3.664,2.0387,,3.6692,3.831,3.8752,2.006,1.9824,4.1313,2.3885,3.5014,3.0752,2.9635,3.4406,2.2539,4.274,2.0539,,,
2007/5/25,,,3.8412,2.1228,,3.8097,3.9368,3.977,2.0727,2.0573,4.2767,2.4112,3.6048,3.1776,3.0868,3.5991,2.3013,4.4762,2.1248,,,
2007/6/1,,,3.8562,2.1292,,3.8508,3.972,4.0099,2.0624,2.0502,4.2082,2.4176,3.5244,3.1812,3.0263,3.5842,2.2777,4.3958,2.1223,,,
2007/6/8,,,4.0657,2.1999,,3.9465,4.0206,4.0877,2.0913,2.0841,4.2775,2.442,3.5681,3.2429,3.0775,3.7266,2.2906,4.5586,2.1675,,,
2007/6/15,,,4.2558,2.3082,,4.1159,4.2758,4.2223,2.168,2.1845,4.4821,2.5611,3.7405,3.4556,3.1519,3.8559,2.3895,4.8939,2.2674,,,
2007/6/22,,,4.2069,2.3126,,4.0893,4.1828,4.351,2.1762,2.1887,4.4826,2.5483,3.7221,3.4693,3.1915,3.8076,2.3837,4.9268,2.2934,,,
2007/6/29,,,4.3097,2.2063,,3.984,4.0445,4.2134,2.1017,2.094,4.2076,2.4924,3.6094,3.345,3.0193,3.6913,2.3272,4.759,2.1959,,,
2007/7/6,,,4.243,2.175,,3.9101,3.9594,4.1625,2.0831,2.0545,4.1737,2.4491,3.5635,3.3007,3.01,3.6719,2.3036,4.6649,2.1832,,,
2007/7/13,,,4.292,2.2051,,4.0336,3.9913,4.348,2.1369,2.1195,4.2653,2.4936,3.6255,3.3505,3.0821,3.7491,2.3693,4.7373,2.2344,,,
2007/7/20,,,4.4021,2.284,,4.2745,4.1136,4.5874,2.2218,2.2396,4.4516,2.5388,3.7681,3.4899,3.2496,3.8911,2.4658,4.9873,2.2901,,,
2007/7/27,,,4.5877,2.4081,,4.53,4.2865,4.749,2.2922,2.3554,4.6784,2.6425,3.9428,3.6537,3.4473,4.0958,2.6303,5.2502,2.4343,,,
2007/8/3,,,4.795,2.5453,,4.8435,4.4301,5.1081,2.3978,2.5236,4.9625,2.7626,4.1957,3.8086,3.7823,4.3192,2.8207,5.5793,2.5672,,,
2007/8/10,,,4.9098,2.5792,,4.8713,4.4593,5.3056,2.462,2.6296,4.997,2.7829,4.29,3.8547,3.9032,4.3925,2.856,5.6165,2.5776,,,
2007/8/17,,,4.8592,2.5359,,4.7309,4.4407,5.2128,2.4144,2.5533,4.9502,2.7062,4.2164,3.8063,3.7846,4.309,2.7973,5.479,2.5552,,,
2007/8/24,,,5.15,2.8132,,5.1498,4.8635,5.3645,2.58,2.7539,5.5043,2.9582,4.5796,4.1213,4.1963,4.7505,3.0759,6.004,2.7738,,,
2007/8/31,,,5.1772,2.8132,,5.1219,4.914,5.4073,2.6069,2.7751,5.5248,2.9878,4.6279,4.1671,4.2568,4.8002,3.0664,6.06,2.8012,,,
2007/9/7,,,5.2045,2.8536,,5.134,5.0018,5.4448,2.6152,2.8034,5.4306,3.0346,4.6118,4.2329,4.2103,4.828,3.0632,6.0745,2.8361,,,
2007/9/14,,,5.3055,2.9824,,5.1849,5.0098,5.4662,2.6504,2.857,5.5368,3.0827,4.6647,4.2791,4.3848,5.0102,3.0778,6.1043,2.9006,,,
2007/9/21,,,5.3366,2.9982,,5.226,5.0581,5.5198,2.6711,2.8754,5.5523,3.1488,4.6026,4.2919,4.4569,4.9989,3.0832,6.1154,2.9637,,,
2007/9/28,,,5.3599,3.0479,,5.3229,5.0903,5.5679,2.7436,2.9214,5.6658,3.1919,4.6923,4.3705,4.5453,5.0824,3.1837,6.2836,2.9962,,,
2007/10/5,,,5.3599,3.0479,,5.3217,5.0903,5.5679,2.7415,2.9214,5.6653,3.1919,4.6923,4.3701,4.5453,5.0821,3.1839,6.2833,2.9961,,,
2007/10/12,,,5.5698,3.0904,,5.3374,5.1731,5.7125,2.8119,3.0307,5.904,3.2908,4.8716,4.489,4.6872,5.2315,3.298,6.331,3.0527,,,
2007/10/19,,,5.4532,3.0199,,5.2926,5.1317,5.6322,2.7726,3.0134,5.8232,3.2061,4.7842,4.4043,4.6011,5.1469,3.1784,6.1556,3.0138,,,
2007/10/26,,,5.3444,2.9248,,5.2023,4.9892,5.5626,2.7581,2.9876,5.8379,3.0872,4.6854,4.3043,4.6546,5.0712,3.1631,6.0562,2.9175,,,
2007/11/2,,,5.3988,2.9027,,5.2127,5.0121,5.6482,2.8099,3.0479,5.8091,3.1123,4.6647,4.2727,4.6988,5.0793,3.158,6.065,2.8992,,,
2007/11/9,,,5.1967,2.7846,,5.145,4.9386,5.3538,2.6711,2.8467,5.6417,2.9717,4.4555,4.07,4.3755,4.8115,3.0177,5.8195,2.774,,,
2007/11/16,,,5.1578,2.78,,5.119,4.9432,5.3484,2.6463,2.8553,5.5947,2.9035,4.421,4.0277,4.3452,4.7209,2.9807,5.758,2.7647,,,
2007/11/23,,,5.1189,2.7453,,5.0098,4.8926,5.2306,2.5552,2.7316,5.5054,2.858,4.3474,3.9717,4.1498,4.5807,2.89,5.7358,2.7217,,,
2007/11/30,,,5.0606,2.7078,,4.9526,4.8466,5.1825,2.4993,2.677,5.4096,2.804,4.2785,3.9093,4.1196,4.5257,2.8602,5.6406,2.6703,,,
2007/12/7,,,5.255,2.8251,,5.1138,5.0351,5.3966,2.6028,2.8064,5.7034,2.9324,4.4992,4.0687,4.3499,4.7022,3.0162,5.8922,2.7817,,,
2007/12/14,,,5.2122,2.7916,,5.0306,5.0305,5.327,2.5469,2.7431,5.5794,2.8791,4.4739,4.0499,4.2033,4.6797,2.9374,5.8922,2.8143,,,
2007/12/21,,,5.2939,2.8514,,5.041,5.1271,5.3966,2.5676,2.7748,5.6664,2.9352,4.5359,4.1423,4.2149,4.7399,2.9754,5.9621,2.863,,,
2007/12/28,,,5.4454,2.9735,,5.1867,5.2834,5.5519,2.6194,2.8495,5.8638,3.0046,4.7061,4.291,4.408,4.921,3.094,6.1862,2.9908,,,
2008/1/4,,,5.4999,3.0118,,5.2699,5.4214,5.6375,2.6649,2.8869,5.939,3.0619,4.7423,4.3684,4.4545,4.9781,3.1065,6.3112,3.0604,,,
2008/1/11,,,5.6864,3.1315,,5.4312,5.6023,5.7874,2.696,2.9329,6.2133,3.2084,4.9214,4.4885,4.6802,5.1148,3.2608,6.5057,3.1289,,,
2008/1/18,,,5.5426,3.012,,5.2335,5.4737,5.5894,2.6256,2.8265,5.9478,3.0853,4.7496,4.3368,4.4196,4.9344,3.1325,6.2993,3.0601,,,
2008/1/25,,,5.4688,2.918,,5.1659,5.3548,5.402,2.5779,2.7288,5.7498,3.014,4.6577,4.2064,4.2056,4.7738,3.0509,6.1571,3.1007,,,
2008/2/1,,,5.1695,2.7325,,4.8693,5.0739,5.0433,2.4537,2.539,5.3292,2.8322,4.4278,3.9157,3.9474,4.4559,2.8137,5.7821,2.8668,,,
2008/2/8,,,5.3677,2.8611,,5.0878,5.2929,5.2735,2.5365,2.6741,5.6135,2.9506,4.602,4.1196,4.1266,4.6723,2.9563,6.0524,3.006,,,
2008/2/15,,,5.3055,2.8216,,5.015,5.2358,5.1664,2.5158,2.6368,5.4837,2.9234,4.5391,4.041,4.0312,4.5997,2.9102,5.935,2.9656,,,
2008/2/22,,,5.2628,2.7869,,4.963,5.2024,5.0058,2.5013,2.5965,5.3944,2.8822,4.5222,3.9909,3.9521,4.5483,2.8256,5.8375,2.9673,,,
2008/2/29,,,5.2355,2.7919,,4.9109,5.1834,4.9576,2.4641,2.5677,5.3591,2.8365,4.5149,3.9328,3.9498,4.4478,2.7822,5.8004,2.9629,,,
2008/3/7,,,5.2122,2.7597,,4.8953,5.1596,4.9041,2.4537,2.5332,5.2775,2.7969,4.4351,3.9097,3.9358,4.3992,2.7607,5.8111,2.9372,,,
2008/3/14,,,4.9635,2.5842,,4.5312,4.8359,4.4918,2.3419,2.3607,4.8386,2.6203,4.1447,3.5964,3.5683,4.0715,2.5499,5.409,2.722,,,
2008/3/21,,,4.9674,2.5619,,4.5364,4.7693,4.4651,2.3274,2.3176,4.7722,2.5504,4.1012,3.578,3.4752,3.9993,2.4587,5.2874,2.6543,,,
2008/3/28,,,4.9712,2.5446,,4.5104,4.6598,4.4383,2.3005,2.2572,4.7217,2.5147,4.0213,3.5263,3.4357,3.9242,2.4345,5.2228,2.5866,,,
2008/4/4,,,4.8041,2.4482,,4.2398,4.4123,4.2241,2.2549,2.1853,4.4926,2.4292,3.8519,3.3553,3.2868,3.7727,2.3204,4.9762,2.4345,,,
2008/4/11,,,4.9168,2.5273,,4.3283,4.498,4.3259,2.286,2.2342,4.63,2.4806,3.927,3.4741,3.3426,3.8298,2.3688,5.0794,2.5061,,,
2008/4/18,,,4.6331,2.3344,,3.9173,4.1124,3.9457,2.2301,2.1192,4.1918,2.2985,3.6221,3.2168,3.0612,3.5546,2.3053,4.6085,2.2714,,,
2008/4/25,,,4.918,2.463,,4.1722,4.4742,4.2777,2.2922,2.2572,4.6741,2.4706,3.8882,3.5382,3.2566,3.8545,2.3839,5.0584,2.4738,,,
2008/5/2,,,5.0064,2.5026,,4.2242,4.5694,4.3633,2.3088,2.3176,4.7793,2.5128,3.9867,3.6143,3.3636,3.9577,2.4158,5.1345,2.5486,,,
2008/5/9,,,5.0064,2.51,,4.193,4.5837,4.374,2.3067,2.3176,4.677,2.5308,3.923,3.6207,3.2589,3.926,2.4043,5.0932,2.5543,,,
2008/5/16,,,5.0466,2.5298,,4.2398,4.5932,4.3794,2.3212,2.3205,4.7652,2.5514,3.9744,3.6588,3.3008,3.9362,2.4313,5.2014,2.5966,,,
2008/5/23,,,4.9422,2.4729,,4.0734,4.4218,4.2456,2.286,2.2601,4.5114,2.4387,3.8078,3.5361,3.1333,3.8164,2.3074,4.9529,2.4966,,,
2008/5/30,,,4.906,2.4531,,3.9849,4.3552,4.176,2.2736,2.2112,4.4479,2.3908,3.7809,3.4925,3.0984,3.7421,2.2915,4.8206,2.4635,,,
2008/6/6,,,4.8377,2.416,,3.9121,4.26,4.0582,2.257,2.1393,4.348,2.3463,3.7294,3.4339,3.01,3.6726,2.2226,4.7323,2.3991,,,
2008/6/13,,,4.6287,2.3047,,3.6104,3.9887,3.7423,2.1535,1.9697,3.9051,2.1583,3.4795,3.1505,2.7332,3.4218,2.0082,4.2468,2.1911,,,
2008/6/20,,,4.5524,2.2577,,3.5271,3.9078,3.6352,2.139,1.9064,3.7911,2.0951,3.4207,3.0342,2.6657,3.3686,1.9782,4.1015,2.1172,,,
2008/6/27,,,4.5604,2.2627,,3.5219,3.9125,3.6299,2.1452,1.9006,3.7682,2.0963,3.3864,3.0556,2.6471,3.359,1.9576,4.1038,2.1065,,,
2008/7/4,,,4.5363,2.2528,,3.4751,3.8792,3.5603,2.141,1.8719,3.7206,2.0584,3.3521,3.0629,2.6076,3.3301,1.9442,4.0201,2.1011,,,
2008/7/11,,,4.6488,2.3146,,3.5844,4.0173,3.7102,2.1762,1.9352,3.9374,2.1661,3.4721,3.2052,2.7286,3.4249,2.0163,4.2369,2.1932,,,
2008/7/18,,,4.5966,2.285,,3.5427,3.9649,3.5924,2.1514,1.8891,3.7799,2.1188,3.406,3.0975,2.6564,3.3661,1.985,4.0645,2.1414,,,
2008/7/25,,,4.6609,2.3196,,3.5896,4.0696,3.6673,2.1804,1.915,3.9162,2.1486,3.4868,3.1911,2.7379,3.432,2.0377,4.1879,2.1857,,,
2008/8/1,,,4.6127,2.2924,,3.5219,3.9792,3.5763,2.168,1.8633,3.8152,2.1088,3.4354,3.1133,2.6937,3.3967,1.9882,4.1004,2.1457,,,
2008/8/8,,,4.4801,2.2157,,3.3607,3.7793,3.4211,2.1224,1.777,3.5937,2.0004,3.3202,2.9419,2.568,3.2699,1.8643,3.8198,2.0616,,,
2008/8/15,,,4.4439,2.1984,,3.293,3.6888,3.3568,2.1058,1.7367,3.5003,1.9791,3.2467,2.8868,2.5122,3.2315,1.7825,3.7487,2,,,
2008/8/22,,,4.4118,2.1811,,3.2566,3.646,3.2872,2.0955,1.7137,3.4339,1.935,3.2418,2.8423,2.4797,3.1652,1.7604,3.7097,1.968,,,
2008/8/29,,,4.3796,2.1687,,3.2254,3.6032,3.239,2.081,1.6994,3.3734,1.9158,3.2393,2.7855,2.4448,3.0983,1.781,3.6879,1.9398,,,
2008/9/5,,,4.2028,2.0748,,3.0485,3.427,3.0838,2.0416,1.6246,3.1355,1.8204,3.1315,2.6606,2.3122,2.95,1.6488,3.4375,1.8431,,,
2008/9/12,,,4.1064,2.0253,,2.9757,3.3414,3.0142,2.0292,1.5987,3.0409,1.778,3.0678,2.5854,2.2657,2.895,1.611,3.3033,1.8051,,,
2008/9/19,,,4.1144,2.0377,,2.9913,3.4175,2.9767,1.9899,1.5125,3.0632,1.7832,3.0801,2.6559,2.2773,2.8583,1.5536,3.3786,1.8369,,,
2008/9/26,,,4.2109,2.0871,,3.0901,3.5365,3.1427,2.052,1.639,3.2018,1.8304,3.1781,2.7666,2.3308,2.9218,1.6375,3.5044,1.8651,,,
2008/10/3,,,4.2109,2.0871,,3.0901,3.5318,3.1427,2.052,1.639,3.2013,1.8304,3.1781,2.7666,2.3308,2.9218,1.6373,3.504,1.8649,,,
2008/10/10,,,3.9979,1.9808,,2.7936,3.1795,2.8482,1.9526,1.4981,2.9081,1.6999,3.0286,2.582,2.1889,2.71,1.463,3.1531,1.7482,,,
2008/10/17,,,3.9176,1.9387,,2.7156,3.0605,2.7518,1.9443,1.4722,2.8341,1.635,2.9771,2.4978,2.1447,2.6589,1.4086,3.051,1.7071,,,
2008/10/24,,,3.9176,1.9387,,2.6688,3.0272,2.7197,1.9133,1.4578,2.78,1.636,2.9257,2.4854,2.1331,2.6346,1.4063,2.9971,1.6884,,,
2008/10/31,,,3.8533,1.9041,,2.5907,2.9225,2.6073,1.8656,1.3888,2.6796,1.5898,2.8791,2.3764,2.0889,2.5846,1.3578,2.8832,1.6366,,,
2008/11/7,,,3.8533,1.9066,,2.5855,2.913,2.6073,1.8719,1.3831,2.6907,1.5853,2.8889,2.3759,2.0749,2.5775,1.3368,2.8633,1.6384,,,
2008/11/14,,,4.0502,2.0055,,2.7728,3.17,2.8536,1.9816,1.5268,2.9739,1.6895,3.036,2.5704,2.2284,2.7142,1.4554,3.1275,1.7595,,,
2008/11/21,,,4.018,1.9907,,2.7624,3.1748,2.8536,1.9609,1.4866,2.9416,1.6897,3.036,2.5807,2.2121,2.7132,1.4641,3.1191,1.7589,,,
2008/11/28,,,4.01,1.9857,,2.7156,3.1272,2.7893,1.9402,1.4578,2.8887,1.6753,2.9845,2.5499,2.1726,2.6744,1.4482,3.0778,1.743,,,
2008/12/5,,,4.1546,2.0624,,2.8717,3.308,2.9606,2.0064,1.5268,3.0832,1.7659,3.0801,2.6769,2.3075,2.8203,1.54,3.2575,1.8256,,,
2008/12/12,,,4.1305,2.0476,,2.8456,3.27,2.9339,1.9671,1.4866,3.0279,1.7406,3.0458,2.6508,2.2633,2.7565,1.5126,3.2013,1.7984,,,
2008/12/19,,,4.2229,2.0995,,2.9341,3.3985,3.0249,2.0209,1.5297,3.1725,1.8074,3.1217,2.7188,2.3564,2.8523,1.5708,3.3217,1.8579,,,
2008/12/26,,,4.1225,2.0426,,2.83,3.27,2.8536,1.936,1.432,2.9627,1.6992,2.9796,2.6213,2.2215,2.6991,1.4843,3.1485,1.7759,,,
2009/1/2,,,4.1104,2.0377,,2.83,3.2652,2.8482,1.9298,1.4147,2.9522,1.6902,2.9771,2.6029,2.2215,2.6832,1.4543,3.1237,1.781,,,
2009/1/9,,,4.1827,2.0748,,2.8769,3.389,2.9339,1.9609,1.455,3.0679,1.7352,3.0384,2.6662,2.261,2.7378,1.4594,3.2448,1.8249,,,
2009/1/16,,,4.1988,2.0871,,2.9133,3.4461,2.9499,1.9816,1.4808,3.1413,1.7574,3.0531,2.703,2.2866,2.7614,1.4643,3.2728,1.84,,,
2009/1/23,,,4.2149,2.0945,,2.9393,3.4699,2.9874,1.9961,1.501,3.166,1.7697,3.0923,2.7213,2.3145,2.7882,1.4841,3.2938,1.8608,,,
2009/1/30,,,4.2149,2.0945,,2.9393,3.4699,2.9874,1.9961,1.501,3.166,1.7697,3.0923,2.7213,2.3145,2.7882,1.4841,3.2938,1.8608,,,
2009/2/6,,,4.3435,2.1638,,3.0849,3.6698,3.1694,2.1224,1.5959,3.371,1.8538,3.2222,2.8885,2.4308,2.8957,1.5729,3.4861,1.9664,,,
2009/2/13,,,4.4359,2.2157,,3.2254,3.8602,3.3033,2.228,1.6677,3.5573,1.9454,3.3521,3.0398,2.5425,3.0109,1.6858,3.6547,2.0626,,,
2009/2/20,,,4.3997,2.1984,,3.1682,3.8031,3.2444,2.1804,1.6246,3.552,1.9189,3.3447,2.9898,2.4959,2.9739,1.6607,3.5805,2.0282,,,
2009/2/27,,,4.3073,2.1465,,2.9965,3.6032,3.0195,2.0934,1.5182,3.287,1.8114,3.1707,2.8291,2.3494,2.8259,1.523,3.3897,1.9377,,,
2009/3/6,,,4.3796,2.1885,,3.137,3.7555,3.1641,2.1949,1.5959,3.4597,1.8888,3.2663,2.9222,2.468,2.9471,1.574,3.5499,1.9798,,,
2009/3/13,,,4.3314,2.1613,,3.0797,3.6888,3.0731,2.1493,1.5527,3.374,1.8424,3.2124,2.8731,2.3959,2.8781,1.5406,3.4689,1.9531,,,
2009/3/20,,,4.4198,2.2108,,3.1838,3.8173,3.2337,2.2239,1.6275,3.5673,1.9289,3.2761,2.9774,2.4983,2.9746,1.6169,3.6386,2.0077,,,
2009/3/27,,,4.46,2.233,,3.2618,3.9078,3.3247,2.286,1.6764,3.6924,1.9712,3.3153,3.0146,2.6099,3.031,1.6541,3.7135,2.0472,,,
2009/4/3,,,4.5082,2.2577,,3.3295,3.9744,3.4104,2.3191,1.7166,3.7517,1.9942,3.3398,3.0492,2.6611,3.1208,1.6618,3.7885,2.0711,,,
2009/4/10,,,4.5122,2.2602,,3.3659,4.0268,3.4264,2.317,1.7195,3.8081,2.0174,3.3619,3.0813,2.6913,3.1494,1.6766,3.8305,2.0937,,,
2009/4/17,,,4.5524,2.28,,3.4023,4.1029,3.4907,2.3212,1.7454,3.8757,2.0506,3.4011,3.1398,2.7286,3.2033,1.6868,3.9096,2.116,,,
2009/4/24,,,4.5162,2.2627,,3.3451,4.0458,3.4425,2.3088,1.7022,3.7564,2.0027,3.3692,3.0928,2.6471,3.1483,1.6641,3.8489,2.0793,,,
2009/5/1,,,4.5926,2.2998,,3.3971,4.1029,3.5121,2.3502,1.7367,3.8316,2.0217,3.4427,3.1035,2.7309,3.1934,1.676,3.9008,2.0934,,,
2009/5/8,,,4.7171,2.3641,,3.5115,4.2505,3.6566,2.4434,1.8259,4.0161,2.0965,3.5138,3.1937,2.8611,3.3231,1.7327,4.053,2.1498,,,
2009/5/15,,,4.7252,2.369,,3.5011,4.2457,3.6566,2.4578,1.8374,4.0437,2.1036,3.5064,3.1886,2.8658,3.3178,1.7395,4.0828,2.1698,,,
2009/5/22,,,4.685,2.3468,,3.4543,4.2124,3.6245,2.4247,1.8029,3.9814,2.0875,3.4648,3.1599,2.8076,3.2639,1.7136,3.9853,2.1398,,,
2009/5/29,,,4.7171,2.3616,,3.4959,4.241,3.6406,2.4516,1.8173,3.9908,2.0892,3.4354,3.1728,2.8193,3.2657,1.7232,4.0289,2.1498,,,
2009/6/5,,,4.8377,2.4234,,3.5896,4.3362,3.8012,2.609,1.9093,4.1841,2.1716,3.5015,3.2578,2.9681,3.34,1.7954,4.2032,2.2093,,,
2009/6/12,,,4.8337,2.4234,,3.5219,4.3314,3.7584,2.5759,1.9064,4.1448,2.1431,3.4427,3.2561,2.9216,3.3319,1.7895,4.2029,2.1803,,,
2009/6/19,,,5.0145,2.5125,,3.6312,4.4694,3.9511,2.6608,2.0042,4.3357,2.2137,3.5677,3.3626,3.0635,3.4746,1.8584,4.3688,2.2496,,,
2009/6/26,,,5.0948,2.5545,,3.6728,4.4742,3.9993,2.6815,2.0272,4.378,2.245,3.6363,3.4292,3.0938,3.5225,1.8794,4.4001,2.2629,,,
2009/7/3,,,5.2636,2.6361,,3.8185,4.6551,4.1652,2.8223,2.1479,4.6929,2.3546,3.7613,3.5164,3.3171,3.7347,1.9701,4.6322,2.3912,,,
2009/7/10,,,5.2998,2.6485,,3.8809,4.7265,4.267,2.8947,2.1911,4.7428,2.42,3.8078,3.6075,3.3496,3.8016,2.0044,4.6849,2.406,,,
2009/7/17,,,5.4283,2.7128,,3.9693,4.855,4.3473,2.9092,2.2399,4.8744,2.4758,3.9034,3.6986,3.4148,3.8657,2.0362,4.7465,2.4466,,,
2009/7/24,,,5.5007,2.7474,,4.0578,4.9216,4.4329,2.9589,2.3032,5.019,2.5511,3.972,3.7746,3.4799,3.9725,2.0872,4.8558,2.4727,,,
2009/7/31,,,5.6252,2.8092,,4.0942,5.0073,4.4918,2.9734,2.332,5.0724,2.5547,4.0014,3.7913,3.4683,3.9573,2.11,4.8413,2.4891,,,
2009/8/7,,,5.3882,2.693,,3.9485,4.9026,4.3259,2.8782,2.2169,4.8268,2.463,3.8666,3.7349,3.3171,3.7872,2.0471,4.7533,2.3935,,,
2009/8/14,,,5.1872,2.5916,,3.7925,4.6313,4.176,2.7726,2.1451,4.643,2.3859,3.7441,3.6421,3.2194,3.6829,1.9742,4.566,2.3294,,,
2009/8/21,,,5.0868,2.5421,,3.6728,4.5123,4.0689,2.6877,2.0847,4.4626,2.2978,3.6485,3.5866,3.11,3.605,1.9185,4.4471,2.285,,,
2009/8/28,,,4.8658,2.4358,,3.5479,4.4171,3.9939,2.669,2.0444,4.2241,2.2248,3.4966,3.596,2.9565,3.4619,1.8579,4.337,2.246,,,
2009/9/4,,,4.9622,2.4853,,3.5844,4.4409,3.9993,2.6939,2.0645,4.2946,2.2357,3.5383,3.6246,3.0054,3.4884,1.8675,4.3627,2.2645,,,
2009/9/11,,,5.1471,2.5792,,3.7196,4.6027,4.0796,2.7747,2.1019,4.5002,2.3122,3.6632,3.7191,3.1426,3.6346,1.9427,4.5404,2.326,,,
2009/9/18,,,5.0828,2.5471,,3.704,4.6075,4.0689,2.7954,2.0962,4.4203,2.2902,3.6044,3.7413,3.0961,3.5972,1.9147,4.493,2.3142,,,
2009/9/25,,,4.9863,2.5001,,3.5844,4.4694,4.026,2.7395,2.0732,4.3257,2.2357,3.5358,3.6622,3.0286,3.5359,1.8696,4.4192,2.2722,,,
2009/10/2,,,4.9301,2.4704,,3.5531,4.4171,3.9939,2.7125,2.0617,4.2834,2.2151,3.5187,3.6306,2.9914,3.5169,1.8424,4.3821,2.257,,,
2009/10/9,,,5.0908,2.5495,,3.6884,4.5789,4.0742,2.7829,2.1019,4.4608,2.2793,3.6093,3.7251,3.1031,3.6282,1.9091,4.537,2.3173,,,
2009/10/16,,,5.1752,2.5866,,3.782,4.6693,4.1171,2.7809,2.1221,4.546,2.3087,3.6706,3.7982,3.1589,3.7177,1.94,4.5874,2.3273,,,
2009/10/23,,,5.3279,2.6633,,3.9225,4.855,4.192,2.8161,2.1623,4.7246,2.3859,3.7564,3.911,3.2868,3.8259,2.0116,4.7358,2.3786,,,
2009/10/30,,,5.2154,2.6114,,3.8705,4.8264,4.176,2.7332,2.1537,4.6253,2.3347,3.6779,3.8563,3.1938,3.7435,1.9559,4.6467,2.336,,,
2009/11/6,,,5.4565,2.7301,,4.0526,5.0596,4.2991,2.8119,2.2169,4.8204,2.4247,3.798,4.0033,3.324,3.8996,2.046,4.8302,2.4196,,,
2009/11/13,,,5.5087,2.7573,,4.0838,5.1025,4.3848,2.8492,2.2514,4.8474,2.4472,3.7882,4.0375,3.3682,3.9249,2.0715,4.9032,2.4484,,,
2009/11/20,,,5.6252,2.8141,,4.1722,5.231,4.4544,2.8844,2.2917,4.9438,2.4983,3.8715,4.1059,3.4055,3.9792,2.1023,5.0209,2.4932,,,
2009/11/27,,,5.356,2.688,,3.9537,4.9407,4.2241,2.8099,2.1796,4.6882,2.392,3.6853,3.9828,3.231,3.8111,2.0124,4.8302,2.3732,,,
2009/12/4,,,5.6212,2.8117,,4.1618,5.2405,4.4651,2.9879,2.3032,4.9579,2.5066,3.8372,4.1051,3.4078,3.9961,2.12,5.0695,2.5038,,,
2009/12/11,,,5.5649,2.7869,,4.1254,5.2215,4.4276,2.9279,2.286,4.9267,2.5097,3.8274,4.0833,3.3729,3.9781,2.0919,5.0202,2.4776,,,
2009/12/18,,,5.4042,2.7103,,3.9069,5.0263,4.2295,2.8347,2.1911,4.7234,2.4133,3.6779,3.9602,3.2287,3.8559,1.9846,4.8046,2.3807,,,
2009/12/25,,,5.4765,2.7449,,3.9485,5.0739,4.3205,2.8575,2.2371,4.8374,2.473,3.7473,3.9905,3.2791,3.9672,2.0105,4.8466,2.4291,,,
2010/1/1,,,5.6373,2.824,,4.0526,5.2453,4.4276,2.9237,2.286,4.9584,2.5296,3.8094,4.1025,3.3453,4.0416,2.0626,4.9816,2.4712,,,
2010/1/8,,,5.5047,2.7597,,3.9693,5.1501,4.2884,2.8844,2.2083,4.8956,2.5033,3.7125,4.023,3.2333,3.9588,2.015,4.8799,2.4042,,,
2010/1/15,,,5.5449,2.782,,4.0057,5.231,4.3259,2.8968,2.2169,4.9561,2.5482,3.7101,4.0598,3.2791,4.0623,2.0226,4.8979,2.4135,,,
2010/1/22,,,5.4444,2.7325,,3.8722,5.1072,4.2188,2.8133,2.1681,4.744,2.4689,3.5859,3.9324,3.1977,3.9197,1.9585,4.7633,2.3337,,,
2010/1/29,,,5.2957,2.6559,,3.7654,4.9264,4.1171,2.7471,2.1163,4.6453,2.4087,3.494,3.8311,3.134,3.871,1.8896,4.6681,2.2922,,,
2010/2/5,,,5.2314,2.6237,,3.6853,4.8597,4.0582,2.7373,2.0875,4.5496,2.3877,3.4468,3.7862,3.1111,3.8042,1.8686,4.6165,2.2537,,,
2010/2/12,,,5.3118,2.6633,,3.7814,4.974,4.1278,2.7937,2.1249,4.6441,2.4416,3.5164,3.8854,3.1519,3.86,1.9342,4.7228,2.2965,,,
2010/2/19,,,5.3118,2.6633,,3.7814,4.974,4.1278,2.7937,2.1249,4.6441,2.4416,3.5164,3.8854,3.1519,3.86,1.9342,4.7228,2.2965,,,
2010/2/26,,,5.4243,2.7202,,3.8669,5.0501,4.176,2.7814,2.1451,4.7393,2.4707,3.5809,3.9469,3.2282,3.9442,1.9529,4.7602,2.3294,,,
2010/3/5,,,5.3721,2.6955,,3.8562,5.0596,4.1278,2.7667,2.1221,4.6817,2.4494,3.5784,3.9401,3.2028,3.9037,1.9368,4.7193,2.3158,,,
2010/3/12,,,5.3118,2.6633,,3.7974,4.9978,4.0956,2.752,2.1077,4.6294,2.4327,3.5263,3.9281,3.1493,3.8234,1.9236,4.7052,2.2952,,,
2010/3/19,,,5.356,2.688,,3.8562,5.0644,4.1492,2.7937,2.1364,4.6876,2.4727,3.566,3.9683,3.19,3.8742,1.9531,4.7683,2.3445,,,
2010/3/26,,,5.3841,2.7004,,3.8669,5.0787,4.1438,2.7741,2.1307,4.6958,2.4968,3.5685,3.9649,3.1951,3.9265,1.9463,4.7591,2.3568,,,
2010/4/2,,,5.5207,2.7696,,3.979,5.2262,4.2563,2.8206,2.1853,4.8545,2.5712,3.6678,4.0418,3.2359,3.9898,2.002,4.9051,2.425,,,
2010/4/9,,,5.5529,2.7869,,3.9951,5.2262,4.2402,2.8648,2.1796,4.8574,2.5841,3.6604,4.0478,3.2944,4.0271,1.9842,4.8554,2.4402,,,
2010/4/16,,,5.5569,2.7869,,3.9684,5.1882,4.2081,2.9481,2.1623,4.8327,2.5575,3.6157,4.0337,3.3097,4.0104,1.9802,4.8095,2.4273,,,
2010/4/23,,,5.5248,2.7696,,3.9096,5.1025,4.0956,2.9603,2.0991,4.784,2.5606,3.5139,3.9764,3.2995,3.9506,1.9148,4.6773,2.4191,,,
2010/4/30,,,5.352,2.6856,,3.7227,4.874,3.9886,2.85,2.0415,4.5695,2.4707,3.4046,3.8922,3.1595,3.7619,1.8602,4.5232,2.2914,,,
2010/5/7,,,5.2957,2.6559,,3.6212,4.7169,3.8708,2.8721,1.9725,4.4556,2.4175,3.2705,3.784,3.1162,3.6513,1.7654,4.3065,2.2911,,,
2010/5/14,,,5.2556,2.6361,,3.5785,4.6931,3.8494,2.8133,1.9668,4.4027,2.4097,3.2581,3.7793,3.0907,3.6574,1.7746,4.3412,2.2324,,,
2010/5/21,,,5.1993,2.6089,,3.5304,4.6122,3.7851,2.7275,1.9323,4.3034,2.3948,3.2382,3.6763,3.0424,3.6143,1.7343,4.3084,2.2268,,,
2010/5/28,,,5.3118,2.6682,,3.6319,4.7074,3.8547,2.8157,1.9668,4.4785,2.4378,3.278,3.7917,3.1035,3.689,1.7695,4.3714,2.2891,,,
2010/6/4,,,5.2355,2.6287,,3.5731,4.6551,3.7958,2.7618,1.9323,4.3827,2.4008,3.2184,3.6917,3.0678,3.6232,1.7261,4.2969,2.2327,,,
2010/6/11,,,5.2917,2.6584,,3.6479,4.7074,3.8333,2.779,1.9524,4.4638,2.4421,3.2308,3.7298,3.078,3.6822,1.7364,4.3252,2.2773,,,
2010/6/18,,,5.1431,2.5817,,3.5197,4.5694,3.7584,2.7324,1.9179,4.277,2.3444,3.1662,3.6686,2.9838,3.5521,1.7023,4.2342,2.1785,,,
2010/6/25,,,5.1913,2.6064,,3.509,4.5789,3.8012,2.7202,1.9438,4.3345,2.3821,3.1836,3.7298,3.0042,3.5841,1.7255,4.2655,2.1791,,,
2010/7/2,,,4.9261,2.4729,,3.2901,4.3457,3.662,2.5707,1.8719,4.0079,2.2596,3.0545,3.5848,2.8769,3.3847,1.6361,4.0534,2.0285,,,
2010/7/9,,,5.0868,2.5545,,3.4076,4.498,3.7691,2.605,1.9237,4.2176,2.3277,3.1538,3.6609,2.9609,3.5397,1.6907,4.2029,2.0903,,,
2010/7/16,,,5.0305,2.5248,,3.3808,4.4694,3.7316,2.5805,1.9064,4.1712,2.2809,3.1265,3.6357,2.9354,3.496,1.6784,4.1776,2.0788,,,
2010/7/23,,,5.2154,2.6188,,3.5518,4.6931,3.8601,2.6589,1.9697,4.3915,2.3851,3.2606,3.764,3.0424,3.6168,1.7466,4.3661,2.1501,,,
2010/7/30,,,5.2877,2.6559,,3.6212,4.7693,3.9297,2.7275,2.0013,4.5178,2.4163,3.3301,3.8302,3.1111,3.7029,1.7715,4.4376,2.1937,,,
2010/8/6,,,5.364,2.693,,3.6906,4.8883,3.9779,2.7569,2.0243,4.6453,2.4654,3.3798,3.8751,3.1569,3.7743,1.7838,4.5202,2.2168,,,
2010/8/13,,,5.3198,2.6707,,3.696,4.8788,3.9511,2.7863,2.0099,4.6106,2.4477,3.3748,3.8516,3.1366,3.7484,1.765,4.4984,2.2239,,,
2010/8/20,,,5.36,2.6905,,3.696,4.874,3.9832,2.7814,2.0272,4.6441,2.4753,3.3798,3.873,3.1595,3.7665,1.7729,4.5469,2.2345,,,
2010/8/27,,,5.3801,2.7004,,3.7227,4.9026,3.9993,2.7618,2.03,4.7064,2.5021,3.4394,3.8439,3.1646,3.8216,1.7684,4.5511,2.2537,,,
2010/9/3,,,5.5328,2.7795,,3.8509,5.0692,4.0903,2.801,2.0732,4.895,2.5965,3.5635,3.8845,3.2715,3.9578,1.8094,4.6864,2.3255,,,
2010/9/10,,,5.5649,2.7968,,3.8776,5.1358,4.0956,2.8133,2.0789,4.9461,2.5998,3.5884,3.8807,3.3046,3.9716,1.8117,4.7071,2.335,,,
2010/9/17,,,5.5489,2.7845,,3.8562,5.0358,4.0635,2.8353,2.0645,4.925,2.5699,3.5337,3.8507,3.2995,3.9521,1.7906,4.6069,2.2965,,,
2010/9/24,,,5.5408,2.7795,,3.8295,5.0025,4.0635,2.8402,2.0645,4.9009,2.5699,3.5263,3.8383,3.2944,3.9752,1.7889,4.6184,2.2822,,,
2010/10/1,,,5.6292,2.824,,3.9149,5.1263,4.1438,2.9554,2.1019,5.0195,2.6011,3.566,3.8764,3.3606,4.0545,1.8298,4.691,2.3306,,,
2010/10/8,,,5.7016,2.8611,,4.0004,5.25,4.2134,3.0534,2.1364,5.1312,2.6537,3.6256,3.9448,3.4243,4.1128,1.8697,4.7927,2.3765,,,
2010/10/15,,,5.6132,2.8117,,3.979,5.2643,4.4008,3.2421,2.2342,5.0489,2.6659,3.5983,4.0649,3.2842,4.0434,1.8905,4.9139,2.393,,,
2010/10/22,,,5.7237,2.8686,,4.1232,5.4214,4.4008,3.1931,2.2342,5.3233,2.7557,3.6976,4.1141,3.3377,4.1913,1.9373,5.0003,2.4368,,,
2010/10/29,,,5.7931,2.9056,,4.1927,5.5023,4.449,3.2372,2.2514,5.3151,2.8329,3.7572,4.2021,3.3275,4.192,1.9315,5.0118,2.4576,,,
2010/11/5,,,5.989,3.0021,,4.3262,5.6879,4.5561,3.2568,2.3118,5.4884,2.9068,3.8367,4.294,3.4014,4.3161,2.0038,5.1368,2.5268,,,
2010/11/12,,,5.887,2.9502,,4.1767,5.5023,4.267,3.1147,2.1623,5.3139,2.8524,3.715,4.2278,3.2486,4.186,1.9066,4.9728,2.4225,,,
2010/11/19,,,5.9398,2.9798,,4.198,5.4833,4.1652,3.0289,2.1077,5.2457,2.8673,3.725,4.2312,3.2206,4.2198,1.8946,4.8925,2.3932,,,
2010/11/26,,,6.0062,3.012,,4.3209,5.6499,4.192,3.002,2.1163,5.3703,2.9091,3.8069,4.2804,3.297,4.2894,1.9243,4.9751,2.4081,,,
2010/12/3,,,5.9398,2.9798,,4.2301,5.5832,4.1599,2.9505,2.0962,5.2675,2.8605,3.7324,4.2308,3.2359,4.2304,1.91,4.8994,2.3824,,,
2010/12/10,,,5.9605,2.9922,,4.2568,5.6308,4.1331,2.9652,2.076,5.2957,2.9177,3.7274,4.2025,3.2384,4.2411,1.9209,4.9124,2.4248,,,
2010/12/17,,,6.0519,3.0367,,4.3689,5.7451,4.2402,3.0289,2.1249,5.429,3.0002,3.7746,4.3086,3.2868,4.3154,1.9673,5.003,2.4766,,,
2010/12/24,,,5.8816,2.9502,,4.2034,5.5642,4.2295,2.9652,2.1163,5.2592,2.9567,3.6604,4.2414,3.1722,4.2258,1.9304,4.9116,2.3968,,,
2010/12/31,,,5.8816,2.9477,,4.2568,5.6403,4.1813,3.0044,2.0904,5.3033,2.9868,3.6829,4.2363,3.1442,4.2077,1.9502,4.9346,2.4086,,,
2011/1/7,,,5.8954,2.9526,,4.2568,5.6546,4.2509,2.975,2.1249,5.2851,2.9972,3.6729,4.2312,3.1315,4.1675,1.9564,4.8757,2.3904,,,
2011/1/14,,,5.726,2.871,,4.0645,5.5004,4.1867,2.8844,2.0962,5.0924,2.9096,3.5254,4.135,3.0341,4.0694,1.8779,4.7086,2.2799,,,
2011/1/21,,,5.565,2.7953,,3.9746,5.337,4.0528,2.8409,2.0272,4.895,2.839,3.4579,4.0016,2.9636,3.9659,1.8199,4.6031,2.1855,,,
2011/1/28,,,5.6455,2.8359,,4.0569,5.3915,4.0689,2.8798,2.0358,4.9614,2.8514,3.4954,4.0572,2.9766,4.0285,1.8366,4.6325,2.2052,,,
2011/2/4,,,5.709,2.8663,,4.0954,5.4608,4.0689,2.9187,2.0329,5.0096,2.8995,3.5479,4.0846,2.9871,4.0509,1.8491,4.652,2.2173,,,
2011/2/11,,,5.8107,2.9195,,4.1832,5.6192,4.1171,2.9381,2.0559,5.1177,2.9529,3.5729,4.1906,3.021,4.1391,1.8817,4.7266,2.264,,,
2011/2/18,,,5.8996,2.9651,,4.3369,5.7677,4.1492,2.9798,2.0703,5.2099,2.9886,3.6654,4.2577,3.0811,4.1547,1.9154,4.7698,2.3186,,,
2011/2/25,,,5.9335,2.9829,,4.3534,5.7776,4.1117,2.9381,2.0502,5.2487,2.964,3.6429,4.2688,3.0367,4.1569,1.9123,4.7067,2.3052,,,
2011/3/4,,,5.9293,2.9803,,4.3259,5.7925,4.192,2.9492,2.0933,5.3039,2.9767,3.6304,4.2816,3.0654,4.2018,1.9175,4.8042,2.3283,,,
2011/3/11,,,5.9166,2.9727,,4.3534,5.8519,4.1599,2.9353,2.076,5.3162,2.9883,3.6104,4.3064,3.0341,4.2387,1.9203,4.7862,2.325,,,
2011/3/18,,,5.9121,2.9651,,4.3095,5.8222,4.176,2.8881,2.0847,5.3004,2.965,3.5804,4.2945,3.0132,4.2091,1.9105,4.766,2.3191,,,
2011/3/25,,,5.9771,2.9981,,4.3918,5.9509,4.2563,2.9575,2.1221,5.3562,2.9729,3.6404,4.3047,3.0759,4.2675,1.9282,4.907,2.3586,,,
2011/4/1,,,5.8689,2.9423,,4.282,5.8321,4.2402,2.9325,2.1134,5.3021,2.9233,3.5504,4.2017,3.0106,4.1814,1.8973,4.8589,2.316,,,
2011/4/8,,,5.9554,2.9854,,4.304,5.9509,4.283,2.9686,2.1364,5.3532,2.9382,3.5929,4.235,3.0654,4.223,1.9144,4.956,2.3376,,,
2011/4/15,,,5.9381,2.9803,,4.282,6.0895,4.2509,2.9409,2.1192,5.2945,2.9271,3.5629,4.2299,3.0367,4.1993,1.9022,4.8642,2.3163,,,
2011/4/22,,,5.8775,2.9474,,4.2436,5.9856,4.2348,2.9131,2.1163,5.2551,2.9228,3.5579,4.2068,2.9949,4.1814,1.8803,4.795,2.2896,,,
2011/4/29,,,5.7347,2.8739,,4.0569,5.8272,4.1652,2.8076,2.0789,5.0942,2.8648,3.4454,4.076,2.9349,4.1383,1.8342,4.7151,2.2137,,,
2011/5/6,,,5.7433,2.879,,4.013,5.8519,4.1278,2.752,2.0559,5.0054,2.8751,3.3804,4.1128,2.9114,4.1124,1.8158,4.602,2.188,,,
2011/5/13,,,5.7563,2.8866,,4.013,5.8272,4.1331,2.7243,2.0588,5.019,2.8769,3.3829,4.1171,2.9192,4.1131,1.8255,4.6337,2.196,,,
2011/5/20,,,5.7087,2.8612,,3.9746,5.7677,4.1064,2.7104,2.0444,5.0113,2.8551,3.3504,4.094,2.9061,4.1478,1.8189,4.5737,2.1647,,,
2011/5/27,,,5.5096,2.7573,,3.755,5.5648,3.9993,2.6326,1.9869,4.7722,2.7538,3.2328,3.9512,2.833,3.965,1.7439,4.4575,2.0736,,,
2011/6/3,,,5.6135,2.8105,,3.8483,5.6341,4.0153,2.6854,1.9955,4.8703,2.786,3.2904,3.9927,2.8748,4.0376,1.7626,4.4632,2.0924,,,
2011/6/10,,,5.5616,2.7852,,3.8209,5.6044,4.0207,2.7243,1.9984,4.8192,2.7762,3.2629,3.9538,2.8487,4.0102,1.7522,4.4036,2.0849,,,
2011/6/17,,,5.4923,2.7446,,3.766,5.5202,4.01,2.6882,1.9927,4.7481,2.72,3.2128,3.8708,2.8017,3.9631,1.7324,4.4464,2.0621,,,
2011/6/24,,,5.6957,2.8511,,3.9252,5.7182,4.1064,2.7298,2.0415,4.9432,2.8086,3.3154,3.9585,2.88,4.042,1.7855,4.6406,2.1437,,,
2011/7/1,,,5.7563,2.884,,3.9856,5.7628,4.1438,2.7493,2.0617,4.9931,2.8657,3.3504,4.0055,2.8983,4.0803,1.8067,4.696,2.1824,,,
2011/7/8,,,5.8213,2.917,,4.0514,5.9113,4.1813,2.7659,2.0789,5.1036,2.9417,3.3929,4.0953,2.9035,4.1142,1.8362,4.7281,2.2132,,,
2011/7/15,,,5.9208,2.9702,,4.1173,6.0004,4.1545,2.7909,2.0645,5.1858,3.0386,3.4304,4.1495,2.9323,4.1606,1.8463,4.727,2.2196,,,
2011/7/22,,,5.8472,2.9296,,4.024,5.8767,4.1331,2.7381,2.053,5.0936,3.0334,3.3779,4.0991,2.9166,4.1193,1.8241,4.7166,2.1832,,,
2011/7/29,,,5.7347,2.8714,,3.9252,5.7529,4.0742,2.7048,2.0243,4.9919,3.0082,3.3204,4.038,2.8148,4.0522,1.7932,4.6348,2.1396,,,
2011/8/5,,,5.6828,2.8435,,3.8977,5.6885,4.0796,2.6993,2.0243,4.9414,3.0131,3.3079,3.9909,2.8148,4.0022,1.7741,4.6922,2.1221,,,
2011/8/12,,,5.7217,2.8714,,3.8703,5.6935,4.1117,2.7076,2.0444,4.9338,3.0633,3.3429,3.9696,2.8356,4.0836,1.797,4.7694,2.1403,,,
2011/8/19,,,5.6265,2.8232,,3.7879,5.5994,4.0742,2.6798,2.0214,4.8145,3.0547,3.2729,3.9166,2.7756,4.0171,1.7626,4.626,2.1049,,,
2011/8/26,,,5.6957,2.8587,,3.8758,5.7133,4.1117,2.6798,2.0387,4.8762,3.0882,3.2929,3.9572,2.7939,4.069,1.7894,4.6425,2.1447,,,
2011/9/2,,,5.5702,2.7928,,3.766,5.5499,4.0368,2.6132,1.9984,4.7546,2.9973,3.2028,3.8516,2.7312,3.9909,1.7481,4.5244,2.0747,,,
2011/9/9,,,5.4534,2.732,,3.6617,5.4608,3.9939,2.5993,1.9783,4.6206,2.9486,3.1478,3.8011,2.6816,3.9201,1.7078,4.3669,2.0431,,,
2011/9/16,,,5.449,2.7294,,3.6672,5.436,3.9939,2.566,1.9754,4.6018,2.944,3.1378,3.7922,2.6764,3.9014,1.7008,4.3691,2.0375,,,
2011/9/23,,,5.3711,2.6914,,3.5958,5.3321,3.9083,2.5077,1.9294,4.5196,2.8622,3.0853,3.7157,2.6268,3.8281,1.6651,4.2671,1.9749,,,
2011/9/30,,,5.2759,2.6407,,3.508,5.1736,3.8387,2.4049,1.892,4.3792,2.7719,3.0328,3.6237,2.5667,3.754,1.6252,4.186,1.9123,,,
2011/10/7,,,5.2759,2.6407,,3.508,5.1736,3.8387,2.4049,1.892,4.3792,2.7719,3.0328,3.6237,2.5667,3.754,1.6252,4.186,1.9123,,,
2011/10/14,,,5.3538,2.6838,,3.5354,5.2479,3.8868,2.4327,1.915,4.4274,2.7774,3.0353,3.6597,2.6111,3.7514,1.6328,4.2002,1.939,,,
2011/10/21,,,5.1937,2.5977,,3.3542,5.04,3.7798,2.316,1.8604,4.1794,2.6727,2.9453,3.5583,2.5641,3.6358,1.562,4.0771,1.8641,,,
2011/10/28,,,5.449,2.7396,,3.5025,5.2529,3.9564,2.3966,1.9553,4.4462,2.7946,3.0628,3.6874,2.679,3.8179,1.6543,4.2977,1.96,,,
2011/11/4,,,5.5702,2.8029,,3.5574,5.3469,3.9779,2.4355,1.9639,4.5378,2.8602,3.1328,3.7768,2.7312,3.8737,1.6918,4.3504,1.9944,,,
2011/11/11,,,5.5399,2.7877,,3.5299,5.2826,3.9457,2.4049,1.9467,4.4638,2.8115,3.1378,3.7691,2.7025,3.8069,1.6717,4.3279,1.9603,,,
2011/11/18,,,5.4664,2.7497,,3.4586,5.1835,3.8761,2.366,1.9121,4.3574,2.7794,3.0953,3.7186,2.6555,3.7328,1.6397,4.269,1.9236,,,
2011/11/25,,,5.4707,2.7497,,3.4091,5.1439,3.8761,2.3327,1.9121,4.3557,2.7765,3.1128,3.7396,2.679,3.7394,1.6373,4.3057,1.9251,,,
2011/12/2,,,5.4534,2.7396,,3.3652,5.0895,3.8601,2.3105,1.8978,4.2969,2.7837,3.0978,3.743,2.679,3.7372,1.6453,4.2988,1.9254,,,
2011/12/9,,,5.3625,2.6889,,3.2994,4.9905,3.8387,2.2605,1.8863,4.1418,2.6701,3.0228,3.6913,2.6241,3.666,1.6061,4.1753,1.909,,,
2011/12/16,,,5.2629,2.6331,,3.1896,4.837,3.8226,2.1605,1.8805,4.0208,2.5431,2.9728,3.59,2.5876,3.604,1.564,4.0962,1.8551,,,
2011/12/23,,,5.2413,2.623,,3.1731,4.7974,3.8494,2.1411,1.892,3.9803,2.5273,2.9803,3.5412,2.5745,3.5876,1.5519,4.009,1.8377,,,
2011/12/30,,,5.1894,2.5926,,3.1621,4.7875,3.8494,2.1466,1.8891,3.9045,2.5221,2.9378,3.4827,2.5458,3.5635,1.5373,3.9823,1.8241,,,
2012/1/6,,,5.0898,2.5343,,3.0468,4.6488,3.7905,2.1078,1.8604,3.7611,2.4513,2.8428,3.3019,2.4831,3.4905,1.4707,3.7563,1.7548,,,
2012/1/13,,,5.1417,2.5622,,3.1401,4.7528,3.844,2.155,1.8834,3.8663,2.4748,2.8678,3.3382,2.5145,3.5463,1.4901,3.7766,1.7956,,,
2012/1/20,,,5.1591,2.5698,,3.239,4.8815,3.8976,2.2133,1.9093,3.935,2.5038,2.9053,3.3442,2.551,3.5879,1.5075,3.7907,1.83,,,
2012/1/27,,,5.1591,2.5698,,3.239,4.8815,3.8976,2.2133,1.9093,3.935,2.5038,2.9053,3.3442,2.551,3.5879,1.5075,3.7907,1.83,,,
2012/2/3,,,5.198,2.5926,,3.2554,4.9211,3.8815,2.1994,1.9006,3.9685,2.5081,2.9128,3.3814,2.5458,3.6098,1.5172,3.8485,1.8477,,,
2012/2/10,,,5.237,2.6129,,3.3048,4.9657,3.9029,2.2077,1.9093,4.0261,2.5293,2.9353,3.4138,2.5536,3.6401,1.5335,3.9303,1.8721,,,
2012/2/17,,,5.2499,2.6205,,3.2994,4.9806,3.8922,2.1994,1.9064,4.0337,2.5284,2.9528,3.4395,2.5432,3.6423,1.5373,3.9498,1.8831,,,
2012/2/24,,,5.3711,2.6838,,3.3872,5.1291,3.9832,2.2577,1.9495,4.1947,2.6426,3.0203,3.5246,2.6241,3.7442,1.5883,4.0821,1.9554,,,
2012/3/2,,,5.3928,2.6965,,3.4146,5.134,4.026,2.2688,1.9697,4.2229,2.6704,3.0478,3.5353,2.645,3.7708,1.5918,4.0572,1.9657,,,
2012/3/9,,,5.4058,2.7041,,3.4201,5.1142,4.01,2.2633,1.9639,4.2082,2.6675,3.0728,3.5318,2.6372,3.7493,1.58,4.0664,1.9821,,,
2012/3/16,,,5.4014,2.7041,,3.3707,5.1192,3.9564,2.2661,1.938,4.183,2.6305,3.1053,3.5498,2.6215,3.7584,1.5897,4.1933,1.987,,,
2012/3/23,,,5.3235,2.661,,3.2829,5.0103,3.8654,2.2438,1.8891,4.0831,2.5497,3.0153,3.4669,2.5406,3.6777,1.5543,4.0668,1.9264,,,
2012/3/30,,,5.2802,2.6357,,3.2115,4.8766,3.7691,2.1827,1.8431,3.9568,2.5003,2.9428,3.4211,2.5119,3.5854,1.5224,3.9559,1.8762,,,
2012/4/6,,,5.3408,2.6661,,3.2774,4.9707,3.8494,2.2355,1.8805,4.069,2.5626,3.0128,3.4639,2.5667,3.6701,1.5484,4.0392,1.9159,,,
2012/4/13,,,5.3928,2.694,,3.3433,5.0548,3.9297,2.2827,1.9208,4.1459,2.6193,3.0378,3.4899,2.6137,3.7281,1.5679,4.061,1.9398,,,
2012/4/20,,,5.3928,2.6965,,3.3817,5.1142,3.9725,2.3049,1.9409,4.1835,2.6225,3.0303,3.5186,2.6346,3.7628,1.5717,4.0339,1.9523,,,
2012/4/27,,,5.3971,2.6965,,3.3762,5.1043,3.9564,2.2688,1.9294,4.1818,2.6113,3.0353,3.5152,2.6033,3.7741,1.5682,4.0595,1.9336,,,
2012/5/4,,,5.488,2.7446,,3.4421,5.1984,4.0421,2.3077,1.9697,4.3169,2.6658,3.1228,3.5951,2.6685,3.8569,1.6085,4.1742,1.9834,,,
2012/5/11,,,5.4317,2.7168,,3.3762,5.0895,3.9672,2.2633,1.9352,4.21,2.6388,3.0803,3.5485,2.6189,3.7825,1.5831,4.1555,1.9539,,,
2012/5/18,,,5.3841,2.6889,,3.3323,5.0103,3.9457,2.2855,1.9237,4.1248,2.605,3.0378,3.5156,2.5928,3.7332,1.5571,4.0893,1.9303,,,
2012/5/25,,,5.3884,2.694,,3.3323,4.9905,3.935,2.2827,1.915,4.1348,2.6191,3.0578,3.525,2.598,3.7146,1.5585,4.0985,1.9157,,,
2012/6/1,,,5.4534,2.7269,,3.3982,5.0796,3.9886,2.3299,1.9438,4.2441,2.6661,3.1303,3.5797,2.6555,3.8244,1.5939,4.1619,1.9754,,,
2012/6/8,,,5.4101,2.7016,,3.3048,4.936,3.9136,2.2799,1.9064,4.1072,2.6165,3.0403,3.5233,2.5824,3.7369,1.5602,4.1333,1.9398,,,
2012/6/15,,,5.462,2.732,,3.3707,5.035,3.9779,2.2966,1.9352,4.1841,2.6644,3.0753,3.5878,2.6529,3.8434,1.5991,4.2353,2.0064,,,
2012/6/22,,,5.4274,2.7117,,3.2939,4.9707,3.935,2.2438,1.915,4.0848,2.6314,3.0203,3.5404,2.6006,3.7898,1.5755,4.2132,1.9877,,,
2012/6/29,,,5.4014,2.699,,3.2499,4.9657,3.919,2.2244,1.9093,4.0261,2.6041,2.9853,3.5246,2.6059,3.766,1.5634,4.2094,1.9877,,,
2012/7/6,,,5.475,2.7345,,3.2719,5.0152,3.9029,2.2161,1.9006,4.0813,2.6512,3.0528,3.587,2.6476,3.8547,1.5849,4.3179,2.0188,,,
2012/7/13,,,5.488,2.7421,,3.2609,4.9954,3.8761,2.2077,1.8891,4.0831,2.634,3.0803,3.6028,2.6555,3.8701,1.5856,4.3516,2.0072,,,
2012/7/20,,,5.3625,2.6762,,3.239,4.9261,3.8012,2.1827,1.8489,3.9703,2.5829,2.9553,3.5254,2.5954,3.7806,1.5397,4.2208,1.97,,,
2012/7/27,,,5.3149,2.6509,,3.1786,4.8815,3.7316,2.1494,1.8144,3.8839,2.5649,2.9178,3.4463,2.5406,3.727,1.5168,4.1581,1.9398,,,
2012/8/3,,,5.3062,2.6458,,3.1676,4.8716,3.7155,2.1661,1.8086,3.8986,2.5735,2.9128,3.4613,2.5432,3.7365,1.513,4.2032,1.9528,,,
2012/8/10,,,5.3928,2.6914,,3.206,4.9211,3.753,2.1744,1.823,3.982,2.6142,2.9503,3.5045,2.5824,3.7781,1.5401,4.2617,1.9949,,,
2012/8/17,,,5.2932,2.6407,,3.1347,4.8271,3.6192,2.1105,1.7598,3.8281,2.5591,2.8803,3.4207,2.4988,3.6431,1.4963,4.16,1.9446,,,
2012/8/24,,,5.2932,2.6407,,3.1127,4.7974,3.5603,2.1161,1.7281,3.7964,2.5284,2.8703,3.3955,2.4727,3.6146,1.4811,4.1172,1.9385,,,
2012/8/31,,,5.2067,2.5926,,3.0468,4.7231,3.48,2.08,1.6879,3.6724,2.4622,2.8028,3.354,2.4257,3.5128,1.4345,4.006,1.8828,,,
2012/9/7,,,5.3538,2.6711,,3.1566,4.8815,3.662,2.1522,1.777,3.871,2.5594,2.9078,3.4818,2.5093,3.6682,1.497,4.1188,1.9746,,,
2012/9/14,,,5.3105,2.6483,,3.1511,4.8617,3.6299,2.1578,1.7626,3.8481,2.5391,2.8903,3.4442,2.4753,3.654,1.4877,4.0863,1.9513,,,
2012/9/21,,,5.2023,2.59,,3.0688,4.7182,3.4853,2.1161,1.6907,3.6971,2.4631,2.7953,3.3412,2.3813,3.5398,1.4363,3.9979,1.8849,,,
2012/9/28,,,5.3062,2.6458,,3.1511,4.837,3.6352,2.1661,1.7626,3.8299,2.5087,2.8678,3.4314,2.4727,3.6482,1.4759,4.0824,1.9285,,,
2012/10/5,,,5.3062,2.6458,,3.1511,4.837,3.6352,2.1661,1.7626,3.8299,2.5084,2.8678,3.4314,2.4727,3.6482,1.4759,4.0828,1.9282,,,
2012/10/12,,,5.3149,2.6509,,3.1566,4.832,3.6245,2.1522,1.7569,3.8399,2.5216,2.8678,3.4318,2.4701,3.6434,1.4779,4.0828,1.9495,,,
2012/10/19,,,5.3538,2.6711,,3.1841,4.9013,3.6727,2.1661,1.7799,3.9045,2.5568,2.9078,3.4592,2.4988,3.6836,1.4984,4.1172,1.9831,,,
2012/10/26,,,5.2759,2.6306,,3.1072,4.7627,3.5656,2.1383,1.7252,3.7752,2.4593,2.8403,3.3976,2.4257,3.6025,1.4571,4.0411,1.9292,,,
2012/11/2,,,5.3841,2.6838,,3.1621,4.8419,3.6566,2.1744,1.7713,3.8733,2.5107,2.8978,3.4502,2.4779,3.6726,1.4911,4.1012,1.9741,,,
2012/11/9,,,5.3019,2.6433,,3.0852,4.7182,3.571,2.1355,1.7281,3.7558,2.4562,2.8428,3.3732,2.4231,3.604,1.4484,4.0385,1.9074,,,
2012/11/16,,,5.237,2.6078,,3.0194,4.5993,3.4853,2.0939,1.685,3.6618,2.4077,2.7903,3.3335,2.3839,3.5522,1.4165,3.9892,1.862,,,
2012/11/23,,,5.2326,2.6053,,3.0194,4.5845,3.5121,2.1105,1.6994,3.6313,2.4091,2.7878,3.3437,2.3918,3.5518,1.4047,4.001,1.8523,,,
2012/11/30,,,5.1807,2.5774,,2.9645,4.5102,3.4746,2.0772,1.6792,3.5414,2.3377,2.7528,3.2805,2.3526,3.4938,1.3811,3.9681,1.8082,,,
2012/12/7,,,5.2889,2.6331,,3.0358,4.6439,3.6031,2.1189,1.7396,3.6201,2.4146,2.7828,3.3831,2.4231,3.5427,1.4075,4.0541,1.8636,,,
2012/12/14,,,5.4058,2.694,,3.1182,4.7627,3.7316,2.1661,1.8029,3.7453,2.4722,2.8578,3.4737,2.5093,3.6551,1.4457,4.144,1.9192,,,
2012/12/21,,,5.3668,2.6737,,3.1511,4.7776,3.7316,2.1716,1.8058,3.7506,2.5218,2.8678,3.454,2.5014,3.6489,1.4415,4.1325,1.9275,,,
2012/12/28,,,5.5313,2.7573,,3.239,4.9112,3.8601,2.2355,1.8661,3.8798,2.6173,2.9428,3.6049,2.5824,3.7781,1.5033,4.2789,2.0031,,,
2013/1/4,,,5.5919,2.7877,,3.2609,4.9806,3.9564,2.2438,1.9121,3.9485,2.605,2.9703,3.6135,2.6268,3.8146,1.5213,4.308,2.0108,,,
2013/1/11,,,5.6265,2.808,,3.2499,4.9657,3.8708,2.2216,1.8719,3.8968,2.6225,2.9653,3.6024,2.5693,3.7934,1.513,4.3137,2.0321,,,
2013/1/18,,,5.8689,2.9296,,3.3213,5.1291,3.9618,2.2938,1.915,4.0273,2.7467,3.0832,3.7439,2.6581,3.9471,1.5661,4.5041,2.106,,,
2013/1/25,,,5.8645,2.9271,,3.2445,5.0449,3.919,2.2772,1.892,3.9497,2.7346,3.0529,3.7186,2.6398,3.9339,1.5359,4.4934,2.0862,,,
2013/2/1,,,6.0593,3.0285,,3.3268,5.1984,4.1171,2.3383,1.9898,4.1524,2.8336,3.1386,3.8007,2.755,4.0803,1.5929,4.6555,2.1521,,,
2013/2/8,,,6.1632,3.0792,,3.4091,5.3222,4.1706,2.3855,2.0157,4.2,2.9121,3.2017,3.8708,2.8179,4.1186,1.6179,4.6819,2.2229,,,
2013/2/15,,,6.1632,3.0792,,3.4091,5.3222,4.1706,2.3855,2.0157,4.2,2.9121,3.2017,3.8708,2.8179,4.1186,1.6179,4.6819,2.2229,,,
2013/2/22,,,6.0723,3.0335,,3.3268,5.1489,3.9297,2.316,1.8949,4.019,2.8043,3.1059,3.7503,2.6895,3.9719,1.5672,4.5202,2.1919,,,
2013/3/1,,,6.2065,3.1045,,3.3762,5.2182,3.9832,2.3716,1.9208,4.1571,2.8895,3.1689,3.8212,2.7472,4.0485,1.5995,4.6796,2.2298,,,
2013/3/8,,,6.1718,3.0868,,3.3268,5.139,3.8547,2.3521,1.8575,4.0173,2.8295,3.0882,3.7169,2.6922,3.9679,1.5561,4.5611,2.2034,,,
2013/3/15,,,6.1372,3.069,,3.2719,5.0449,3.7316,2.3549,1.7943,3.9209,2.7865,3.0605,3.6772,2.666,3.8978,1.5345,4.5259,2.1991,,,
2013/3/22,,,6.3147,3.1628,,3.3488,5.1736,3.7905,2.4493,1.8259,4.0085,2.8545,3.1336,3.7708,2.7576,4.0266,1.5706,4.6578,2.2455,,,
2013/3/29,,,6.2324,3.1197,,3.3158,5.04,3.6888,2.4299,1.7741,3.8639,2.7897,3.0882,3.7216,2.6974,3.9361,1.5502,4.5702,2.218,,,
2013/4/5,,,6.1199,3.0614,,3.2829,4.9756,3.6941,2.3966,1.777,3.8493,2.7748,3.0479,3.6776,2.6503,3.842,1.5266,4.5316,2.176,,,
2013/4/12,,,6.1631,3.0822,,3.2939,5.0053,3.7262,2.4049,1.7914,3.8416,2.8,3.0403,3.708,2.666,3.8744,1.53,4.4766,2.195,,,
2013/4/19,,,6.3001,3.1498,,3.3762,5.1241,3.8547,2.4799,1.8546,3.9497,2.8757,3.1185,3.8016,2.7419,3.9693,1.5807,4.6532,2.2619,,,
2013/4/26,,,6.2073,3.1056,,3.2994,4.9707,3.7048,2.5049,1.7828,3.8745,2.8014,3.058,3.7768,2.6581,3.8894,1.5338,4.5312,2.2291,,,
2013/5/3,,,6.3399,3.1706,,3.3652,5.0548,3.7584,2.5688,1.8086,3.9497,2.8278,3.1159,3.8379,2.721,3.9887,1.5637,4.6345,2.2947,,,
2013/5/10,,,6.4107,3.2044,,3.4091,5.139,3.8387,2.5993,1.846,4.0079,2.9402,3.1689,3.8764,2.7367,4.0358,1.5877,4.67,2.3376,,,
2013/5/17,,,6.5112,3.2549,,3.4915,5.2826,3.8761,2.6187,1.8661,4.0837,2.9531,3.2445,3.9072,2.7629,4.0847,1.6158,4.7503,2.4125,,,
2013/5/24,,,6.4706,3.2336,,3.4915,5.3172,3.8761,2.6354,1.8633,4.1019,3.0065,3.2899,3.9623,2.7838,4.0938,1.6189,4.7094,2.4645,,,
2013/5/31,,,6.5112,3.2549,,3.5135,5.3568,3.8815,2.5965,1.8661,4.1348,2.999,3.3378,4.0145,2.7629,4.1671,1.6373,4.777,2.4832,,,
2013/6/7,,,6.3171,3.1643,,3.3762,5.1736,3.7477,2.5438,1.8,3.9615,2.8989,3.2344,3.8943,2.6686,4.0069,1.5776,4.5897,2.3881,,,
2013/6/14,,,6.3078,3.1564,,3.3817,5.1588,3.6513,2.5576,1.7511,3.9145,2.8921,3.2344,3.8978,2.6686,3.9825,1.5769,4.5779,2.3901,,,
2013/6/21,,,6.2478,3.1297,,3.2939,5.0499,3.5496,2.5243,1.7022,3.7981,2.8189,3.1512,3.8909,2.6057,3.9066,1.5373,4.4697,2.3373,,,
2013/6/28,,,6.1971,3.1057,,3.2225,4.9558,3.4639,2.4993,1.6591,3.71,2.7966,3.0932,3.7994,2.5822,3.8292,1.5196,4.4116,2.326,,,
2013/7/5,,,6.4232,3.2123,,3.3048,5.0746,3.5067,2.566,1.6792,3.7523,2.8892,3.2143,3.8939,2.6607,3.9664,1.5602,4.5729,2.3994,,,
2013/7/12,,,6.5155,3.2572,,3.3158,5.1241,3.5603,2.5937,1.7051,3.834,2.9425,3.2722,3.9426,2.7053,4.0328,1.5894,4.675,2.4422,,,
2013/7/19,,,6.4555,3.2271,,3.3378,5.1093,3.4478,2.5688,1.6505,3.7194,2.9371,3.2798,3.8999,2.6817,3.9675,1.5602,4.5622,2.4368,,,
2013/7/26,,,6.5478,3.2736,,3.3982,5.2132,3.5067,2.6021,1.6764,3.7664,2.9976,3.363,3.9362,2.7472,4.0879,1.5835,4.6253,2.4807,,,
2013/8/2,,,6.5939,3.2927,,3.4366,5.2875,3.5549,2.6049,1.7022,3.8028,3.0225,3.3781,3.9807,2.7576,4.0938,1.596,4.7342,2.5243,,,
2013/8/9,,,6.677,3.331,,3.464,5.3816,3.5656,2.6132,1.7051,3.8322,3.0277,3.4008,3.9965,2.7576,4.1157,1.5981,4.7105,2.5653,,,
2013/8/16,,,6.5247,3.2599,,3.3707,5.2628,3.587,2.5382,1.7166,3.8628,2.9985,3.305,3.9529,2.6869,4.0266,1.5693,4.6299,2.5274,,,
2013/8/23,,,6.6447,3.3173,,3.4531,5.342,3.5549,2.5882,1.6994,3.8493,3.0263,3.4386,4.0059,2.7445,4.0507,1.5977,4.6192,2.5853,,,
2013/8/30,,,6.5693,3.2818,,3.3982,5.2925,3.5924,2.5604,1.7195,3.8569,2.9876,3.3832,3.979,2.6869,4.0226,1.5748,4.5939,2.5615,,,
2013/9/6,,,6.8238,3.4075,,3.497,5.4212,3.6138,2.6243,1.7281,3.9315,3.0727,3.484,4.0794,2.7995,4.096,1.6199,4.6364,2.6648,,,
2013/9/13,,,6.8709,3.4321,,3.4586,5.4707,3.753,2.5826,1.7971,4.1248,3.0957,3.4336,4.0884,2.7969,4.1478,1.6519,4.7637,2.6689,,,
2013/9/20,,,6.8803,3.4375,,3.4476,5.441,3.6834,2.6298,1.7626,4.042,3.0636,3.4563,4.0491,2.8257,4.1098,1.6567,4.6379,2.6605,,,
2013/9/27,,,7.0075,3.4977,,3.508,5.4855,3.6299,2.7548,1.7339,3.9644,3.104,3.5571,4.0555,2.8676,4.2179,1.6713,4.6868,2.664,,,
2013/10/4,,,7.0735,3.5313,,3.5299,5.5301,3.6406,2.7992,1.7396,3.9732,3.1347,3.6025,4.0726,2.9121,4.2292,1.68,4.6799,2.6845,,,
2013/10/11,,,7.1961,3.5845,,3.5738,5.644,3.6888,2.7437,1.7626,4.0707,3.2069,3.5672,4.1478,2.9252,4.3288,1.7067,4.7205,2.7153,,,
2013/10/18,,,7.1524,3.5677,,3.4915,5.5697,3.662,2.6771,1.7511,4.019,3.1843,3.5042,4.1316,2.8729,4.2825,1.6717,4.6035,2.6671,,,
2013/10/25,,,6.9938,3.4977,,3.4146,5.3915,3.5549,2.5882,1.6965,3.9879,3.1327,3.3907,4.0393,2.7445,4.2266,1.6081,4.5695,2.5972,,,
2013/11/1,,,6.8736,3.4417,,3.3652,5.342,3.6245,2.5521,1.731,4.0349,3.1054,3.358,3.9875,2.6974,4.1598,1.6015,4.6383,2.5983,,,
2013/11/8,,,6.7006,3.3662,,3.2499,5.2182,3.5174,2.4771,1.6792,3.9192,3.0475,3.3075,3.9153,2.6686,4.0624,1.554,4.4666,2.5567,,,
2013/11/15,,,6.8977,3.4585,,3.3707,5.4113,3.587,2.4993,1.7137,3.965,3.0957,3.3882,4.0123,2.7419,4.1274,1.6036,4.5286,2.638,,,
2013/11/22,,,6.8929,3.4557,,3.3872,5.4558,3.6459,2.4716,1.7396,4.0232,3.139,3.3907,4.0251,2.7681,4.1255,1.6078,4.5244,2.638,,,
2013/11/29,,,7.0371,3.5201,,3.486,5.5846,3.7209,2.4965,1.777,4.0731,3.1998,3.4739,4.1012,2.81,4.1898,1.6411,4.5821,2.705,,,
2013/12/6,,,6.9601,3.4865,,3.4091,5.4806,3.7262,2.4827,1.7799,4.0895,3.1616,3.3353,4.0157,2.7734,4.1401,1.5984,4.5591,2.6394,,1.014,
2013/12/13,,,6.9698,3.4893,,3.4586,5.5053,3.6941,2.466,1.7626,4.0613,3.196,3.3907,4.0371,2.8022,4.1682,1.6074,4.5893,2.6507,,1.016,
2013/12/20,,,6.8111,3.4166,,3.3762,5.3222,3.5549,2.4188,1.6965,3.9051,3.1023,3.3529,3.9679,2.7341,4.0405,1.5613,4.4391,2.591,,1.008,
2013/12/27,,,6.8929,3.4529,,3.4256,5.4459,3.6138,2.4271,1.7252,3.9386,3.1438,3.4739,4.017,2.8126,4.1664,1.5918,4.537,2.6575,,1.012,
2014/1/3,,,6.8736,3.4415,,3.4695,5.4905,3.6085,2.4243,1.7224,3.9339,3.147,3.5622,4.0534,2.7812,4.1927,1.6022,4.5794,2.6994,,1.017,
2014/1/10,,,6.8147,3.4128,,3.4091,5.2826,3.5174,2.4049,1.6764,3.8493,3.0618,3.5521,3.9858,2.7314,4.0806,1.5769,4.4915,2.6659,,1,
2014/1/17,,,6.8294,3.4185,,3.4146,5.2974,3.5228,2.3882,1.6764,3.8293,3.0914,3.5596,3.9995,2.7599,4.0777,1.5828,4.485,2.6964,,1.002,
2014/1/24,,,6.9964,3.4988,,3.5492,5.4954,3.6138,2.4105,1.7195,3.9386,3.2003,3.6587,4.0581,2.8698,4.1832,1.6467,4.6448,2.7799,,1.016,
2014/1/31,,,6.8982,3.4529,,3.5715,5.4657,3.5603,2.391,1.6936,3.9021,3.1935,3.6764,4.023,2.9001,4.0952,1.6217,4.5374,2.7699,,1.01,
2014/2/7,,,6.962,3.4845,,3.605,5.5251,3.5603,2.3966,1.6936,3.9109,3.2345,3.7247,4.0696,2.9468,4.1296,1.6335,4.5611,2.8021,,1.018,
2014/2/14,,,7.0847,3.5447,,3.6943,5.6291,3.6085,2.4438,1.7137,4.0337,3.289,3.7704,4.1675,3.0238,4.2646,1.6571,4.6039,2.8461,,1.03,
2014/2/21,,,7.0483,3.5297,,3.7334,5.6341,3.5656,2.4327,1.6936,3.9814,3.2591,3.8034,4.1269,3.0128,4.219,1.6519,4.6184,2.8449,,1.029,
2014/2/28,,,6.8779,3.4416,,3.5994,5.436,3.4746,2.4243,1.6476,3.8534,3.1891,3.6967,4.0499,2.9633,4.0774,1.6196,4.4093,2.7662,,1.007,
2014/3/7,,,6.8378,3.4239,,3.5827,5.4509,3.4371,2.4216,1.6304,3.8681,3.1804,3.7247,4.064,2.988,4.0641,1.6168,4.3244,2.7347,,1.007,
2014/3/14,,,6.8177,3.4092,,3.5659,5.3519,3.4264,2.3827,1.6246,3.8252,3.1219,3.6891,4.0264,2.8836,4.0129,1.5897,4.3588,2.6849,,0.996,
2014/3/21,,,6.7124,3.3622,,3.5046,5.3568,3.3943,2.3827,1.6074,3.8863,3.1347,3.6713,4.0145,2.8698,3.9272,1.5786,4.3049,2.6702,,0.99,
2014/3/28,,,6.5489,3.277,,3.4153,5.2974,3.3515,2.3716,1.5872,3.8551,3.0594,3.5723,3.92,2.7324,3.8072,1.5186,4.2759,2.5927,,0.98,
2014/4/4,,,6.6156,3.3122,,3.4599,5.4014,3.4264,2.3771,1.6217,3.9133,3.1132,3.5672,3.9649,2.7791,3.894,1.5481,4.3107,2.6162,,0.996,
2014/4/11,,,6.7643,3.3887,,3.5046,5.4657,3.4907,2.3966,1.6534,4.0279,3.149,3.6028,4.0303,2.8286,3.9601,1.5769,4.4001,2.6685,,1.012,
2014/4/18,,,6.7233,3.3651,,3.5046,5.4608,3.4907,2.391,1.6534,3.9703,3.1344,3.5799,4.0115,2.8423,3.9269,1.5696,4.3948,2.6544,,1.011,
2014/4/25,,,6.4822,3.2388,,3.3818,5.3222,3.3997,2.3716,1.6074,3.8681,3.0498,3.4225,3.9007,2.6994,3.7853,1.5071,4.2694,2.5623,,0.996,
2014/5/2,,,6.5233,3.2593,,3.365,5.3271,3.4264,2.3744,1.6217,3.8598,3.0367,3.4022,3.8836,2.6444,3.779,1.5068,4.2969,2.5877,,0.995,
2014/5/9,,,6.4515,3.2241,,3.326,5.2727,3.4104,2.391,1.6131,3.8187,3.0255,3.3768,3.8661,2.6114,3.7454,1.4925,4.264,2.5711,,0.995,
2014/5/16,,,6.4053,3.2035,,3.3037,5.2727,3.3943,2.3882,1.6045,3.8246,3.0295,3.3362,3.858,2.5949,3.7243,1.4818,4.2491,2.5492,,0.986,
2014/5/23,,,6.472,3.2358,,3.3539,5.3222,3.4318,2.3994,1.6217,3.8675,3.0731,3.4631,3.8836,2.6499,3.772,1.512,4.282,2.5866,,0.998,
2014/5/30,,,6.5027,3.2535,,3.3985,5.3519,3.4693,2.4105,1.639,3.9004,3.1036,3.4987,3.8905,2.6829,3.8307,1.5311,4.3447,2.6021,,1.005,
2014/6/6,,,6.4874,3.2447,,3.4041,5.3519,3.4532,2.4132,1.6304,3.8851,3.0958,3.5139,3.8678,2.6884,3.8287,1.5415,4.3504,2.6096,,1.006,
2014/6/13,,,6.5848,3.2976,,3.4432,5.4509,3.5174,2.4355,1.6591,3.9656,3.1555,3.5749,3.9238,2.7461,3.9269,1.5769,4.3634,2.6586,,1.022,
2014/6/20,,,6.4617,3.2329,,3.3706,5.3816,3.4478,2.4216,1.6275,3.8951,3.1054,3.5266,3.8618,2.6774,3.8404,1.5543,4.3152,2.5974,,1.008,
2014/6/27,,,6.5797,3.2925,,3.4376,5.4806,3.4853,2.4299,1.6419,3.9532,3.1677,3.5926,3.8982,2.7269,3.9128,1.5818,4.459,2.6323,,1.027,
2014/7/4,,,6.6515,3.3318,,3.5046,5.5351,3.5228,2.4299,1.6591,4.0049,3.2168,3.6612,3.961,2.7791,3.8987,1.5845,4.4815,2.6589,,1.036,
2014/7/11,,,6.5284,3.2653,,3.4599,5.4756,3.4693,2.4299,1.6332,3.9779,3.1745,3.618,3.9512,2.7296,3.7716,1.562,4.4215,2.6027,,1.031,
2014/7/18,,,6.5027,3.2532,,3.4041,5.4608,3.496,2.4355,1.6476,4.0079,3.1431,3.5799,3.958,2.7076,3.7513,1.5581,4.386,2.5885,,1.029,
2014/7/25,,,6.6002,3.3076,,3.4432,5.54,3.5496,2.4604,1.6706,4.096,3.1686,3.5901,4.0602,2.7324,3.7243,1.572,4.3829,2.5969,,1.049,
2014/8/1,,,6.7951,3.4043,,3.5213,5.6737,3.6352,2.4799,1.7109,4.1894,3.1879,3.6688,4.1534,2.7681,3.8393,1.604,4.4987,2.666,,1.072,
2014/8/8,,,6.825,3.4224,,3.5771,5.738,3.6406,2.5021,1.7137,4.2012,3.237,3.7374,4.1897,2.8368,3.8772,1.6151,4.4647,2.7067,,1.078,
2014/8/15,,,6.8827,3.4556,,3.605,5.8172,3.6995,2.5132,1.7425,4.2605,3.2744,3.7754,4.2385,2.8753,3.9597,1.6401,4.4938,2.766,,1.09,
2014/8/22,,,6.9352,3.4798,,3.6608,5.9014,3.7209,2.5215,1.7511,4.2846,3.3328,3.8745,4.2432,2.9275,4.0356,1.6602,4.4915,2.7898,,1.099,
2014/8/29,,,6.9037,3.4647,,3.6106,5.8222,3.6727,2.516,1.7281,4.2382,3.3126,3.8262,4.1978,2.8946,4.0258,1.6408,4.4238,2.7754,,1.092,
2014/9/5,,,7.1188,3.5734,,3.711,6.0549,3.7691,2.5438,1.7741,4.3698,3.4358,3.9532,4.3436,2.999,4.1693,1.7074,4.5205,2.8958,,1.132,
2014/9/12,,,7.1135,3.5704,,3.7836,6.1044,3.7637,2.5493,1.7713,4.378,3.4669,3.9557,4.3594,3.0677,4.1955,1.7182,4.5274,2.9135,,1.139,
2014/9/19,,,7.0611,3.5432,,3.7724,6.0351,3.753,2.5549,1.7655,4.3851,3.4744,3.9989,4.3633,3.065,4.1689,1.7095,4.5396,2.9048,,1.129,
2014/9/26,,,7.0978,3.5643,,3.7947,6.1044,3.7958,2.5604,1.7856,4.4039,3.5083,4.0014,4.3731,3.087,4.158,1.729,4.5133,2.922,,1.13,
2014/10/3,,,7.1503,3.5946,,3.8394,6.2084,3.8065,2.5688,1.7914,4.4362,3.5158,4.0598,4.3902,3.131,4.1783,1.7446,4.5213,2.944,,1.149,
2014/10/10,,,7.1922,3.6127,,3.9008,6.2133,3.8333,2.5715,1.8029,4.4714,3.4999,4.1334,4.4022,3.1337,4.1842,1.7442,4.5871,2.962,,1.156,
2014/10/17,,,7.0716,3.5492,,3.8282,6.1242,3.8065,2.5688,1.7885,4.4285,3.4974,4.0801,4.3543,3.0897,4.1189,1.7064,4.5461,2.9262,,1.144,
2014/10/24,,,6.9509,3.4919,,3.7947,6.04,3.7477,2.5604,1.7598,4.3768,3.4853,4.0243,4.2885,3.0403,4.0907,1.6852,4.4846,2.8841,,1.128,
2014/10/31,,,7.0873,3.5659,,3.884,6.2381,3.8494,2.6049,1.8086,4.5237,3.5798,4.1385,4.3753,3.0952,4.1752,1.7512,4.5125,2.9538,,1.171,
2014/11/7,,,7.0191,3.5318,,3.9119,6.243,3.8601,2.6271,1.8144,4.529,3.6396,4.1563,4.368,3.0897,4.1963,1.763,4.4521,2.9529,,1.164,
2014/11/14,,,6.9876,3.5194,,3.8506,6.2777,3.9083,2.6548,1.8345,4.5454,3.6007,4.0623,4.3988,3.087,4.1556,1.746,4.3642,2.9101,,1.153,
2014/11/21,,,7.0359,3.5479,,3.9677,6.3618,3.8976,2.6382,1.8316,4.593,3.6924,4.1842,4.3979,3.1227,4.2991,1.8074,4.3573,2.9588,,1.158,
2014/11/28,0.999,,7.209,3.6371,,4.0403,6.7183,3.9725,2.7076,1.8661,4.8063,3.8554,4.3823,4.5963,3.4471,4.5107,1.9109,4.3615,3.0657,,1.2,
2014/12/5,0.986,,7.4011,3.7192,,4.1017,7.0203,4.0903,2.7604,1.9265,4.996,3.9111,4.3213,4.7403,3.7247,4.8407,1.9696,4.4376,3.1263,,1.234,
2014/12/12,0.984,,7.4403,3.7453,,4.1073,7.0253,3.9832,2.7631,1.8748,5.019,3.8358,4.2883,4.7339,3.6945,4.8779,1.9664,4.501,3.1048,,1.217,
2014/12/19,0.984,,7.4403,3.7421,,4.1352,7.1985,4.1974,2.8076,1.9754,5.1705,3.8287,4.2832,4.7724,3.7467,5.0609,1.9765,4.4357,3.1238,,1.263,
2014/12/26,0.987,,7.4146,3.7186,,3.9956,7.2431,4.2991,2.852,2.0272,5.1911,3.7357,4.2223,4.7006,3.7605,5.0261,1.9518,4.3852,3.0658,,1.272,
2015/1/2,0.988,,7.4031,3.7086,,3.9454,7.3817,4.4865,2.8714,2.1163,5.2493,3.6498,4.1817,4.7168,3.8017,5.0034,1.9518,4.3401,3.0395,,1.298,
2015/1/9,0.993,,7.4947,3.7721,,3.9901,7.6194,4.4811,2.9075,2.1106,5.4038,3.6812,4.3061,4.7296,3.8044,5.0628,1.9553,4.3466,3.0682,,1.317,
2015/1/16,0.996,,7.6304,3.849,,4.0403,7.9511,4.6096,2.9526,2.1681,5.5524,3.8495,4.4486,4.7865,3.9281,5.1868,2.03,4.5049,3.1684,,1.365,
2015/1/23,0.997,,7.7357,3.8791,,4.0514,7.9164,4.524,2.9696,2.1307,5.5718,3.9126,4.5428,4.8143,3.9248,5.1579,2.0242,4.5687,3.2422,,1.377,
2015/1/30,0.999,,7.6655,3.8457,,4.0235,7.6689,4.3205,2.9526,2.0358,5.4449,3.9046,4.5708,4.7694,3.798,5.0492,1.9973,4.5828,3.2107,,1.334,
2015/2/6,1.002,,7.6133,3.808,,3.9789,7.5599,4.1438,2.9384,1.9582,5.3609,4.0148,4.6319,4.6796,3.6958,5.1833,1.971,4.7728,3.185,,1.289,
2015/2/13,1.004,,7.8043,3.9176,,4.0514,7.862,4.283,2.9781,2.0272,5.5324,4.1886,4.7567,4.8673,3.8262,5.4034,2.053,5.1165,3.3515,,1.364,
2015/2/20,1.006,,7.9118,3.9758,,4.1184,7.9907,4.3312,2.9923,2.0502,5.6499,4.3084,4.8586,4.9169,3.9072,5.5665,2.1123,5.3394,3.4148,,1.391,
2015/2/27,1.007,,7.9835,4.0101,,4.1798,8.0253,4.3633,3.0263,2.0645,5.7369,4.3508,4.7949,4.9707,3.9248,5.5947,2.1108,5.2694,3.4262,,1.409,
2015/3/6,1.008,,7.9775,3.9964,,4.1575,7.9907,4.2241,2.9894,1.9955,5.6652,4.4253,4.8127,5.0148,3.8438,5.4574,2.0979,5.1914,3.4526,,1.407,
2015/3/13,1.01,,8.1524,4.0894,,4.2635,8.3273,4.4169,2.9894,2.0875,5.8967,4.6175,4.9859,5.1456,3.953,5.6101,2.1957,5.4254,3.5673,,1.45,
2015/3/20,1.014,,8.42,4.2433,,4.403,8.7284,4.6685,3.1141,2.1997,6.2486,4.9946,5.3347,5.4303,4.2948,6.1162,2.3758,5.7591,3.8657,,1.533,
2015/3/27,1.017,,8.5852,4.3448,,4.5427,8.9903,4.7542,3.1425,2.2371,6.4319,5.194,5.5283,5.5145,4.4463,6.481,2.475,5.9235,4.0481,,1.595,
2015/4/3,1.023,,8.8246,4.4876,,4.7405,9.6183,4.9415,3.253,2.3176,6.8179,5.4034,5.8084,5.7723,4.8514,6.7606,2.613,6.2393,4.2525,,1.683,
2015/4/10,1.028,,8.9759,4.5631,,4.9213,9.8503,5.2039,3.2331,2.4412,7.02,5.5574,5.951,5.8868,5.0029,6.9058,2.6537,6.3926,4.3965,,1.731,
2015/4/17,1.033,,9.0265,4.6035,,5.0682,9.6806,5.3966,3.1453,2.5361,7.1269,5.4491,5.8491,5.8748,4.9536,6.6615,2.6558,6.1292,4.359,,1.719,
2015/4/24,1.037,,9.1999,4.6964,,5.1247,9.9804,5.3431,3.3351,2.5074,7.232,5.6585,6.2515,5.9937,5.0029,7.0319,2.6918,6.3983,4.5435,,1.779,
2015/5/1,1.041,,9.2576,4.7261,,5.1586,10.0653,5.418,3.3776,2.5476,7.299,5.72,6.473,5.9941,5.0593,7.0466,2.7227,6.495,4.6034,,1.79,
2015/5/8,1.041,,9.241,4.7113,,4.9948,10.0031,5.1503,3.5618,2.4182,7.2109,5.9057,6.5876,6.0646,4.9889,7.1651,2.7273,6.794,4.7699,,1.845,
2015/5/15,1.047,,9.3652,4.7777,,5.0569,10.4274,5.1182,3.6922,2.4038,7.4459,6.1594,6.9772,6.2848,5.3412,7.6752,2.8805,7.4355,5.2185,,1.964,
2015/5/22,1.061,,9.9338,5.0715,,5.3451,11.5194,5.4341,3.8679,2.5505,8.0774,6.5671,7.4559,6.7726,5.8062,8.2534,3.162,7.8682,5.875,,2.154,
2015/5/29,1.066,,10.0138,5.1178,,5.4185,11.361,5.2788,3.6327,2.4786,7.9964,6.6769,7.4101,6.897,5.764,8.5131,3.2486,8.0682,5.8621,,2.136,
2015/6/5,1.084,,10.4913,5.3648,,5.7688,12.187,5.5894,3.9047,2.6224,8.6638,7.1439,8.0976,7.445,6.1656,8.9177,3.4668,8.645,6.2967,,2.274,
2015/6/12,1.085,,10.6165,5.4316,,5.9892,12.5774,5.8838,3.882,2.7546,8.9064,7.199,8.1664,7.6207,6.2537,8.9411,3.5685,8.5571,6.3086,1.033,2.358,
2015/6/19,1.071,,9.7722,4.9835,,5.475,11.0385,5.2146,3.5392,2.4297,8.0451,6.6833,7.4228,6.8726,5.5138,7.9603,3.1159,7.3437,5.4356,0.992,2.078,
2015/6/26,1.069,,9.359,4.7647,,5.1925,10.0597,5.0915,3.236,2.3636,7.6938,6.3167,6.7149,6.5297,5.0311,7.2492,2.8499,6.5149,4.8147,0.975,1.886,
2015/7/3,1.066,,8.7208,4.4147,,4.6614,8.996,4.7595,2.9384,2.2112,6.6751,5.4199,5.9281,5.7791,4.4886,6.2673,2.4063,5.3432,4.0003,0.957,1.689,
2015/7/10,1.063,,8.8192,4.4615,,4.4184,8.9224,5.1182,2.7968,2.3923,6.6475,5.1303,5.6047,5.7406,4.4322,6.0519,2.4096,5.1704,3.7015,0.957,1.613,
2015/7/17,1.062,,9.102,4.6274,,4.7574,9.7372,5.1396,2.9016,2.401,7.1915,5.1375,5.8822,6.08,4.7352,6.4255,2.6357,5.3237,4.0819,0.957,1.721,
2015/7/24,1.062,,9.2238,4.7061,,5.0626,10.0766,5.1289,2.9214,2.3923,7.6268,5.3724,6.226,6.2904,4.936,6.7079,2.7593,5.8035,4.4727,0.959,1.809,
2015/7/31,1.061,,8.907,4.5154,,4.571,9.3581,4.7488,2.8648,2.2054,6.9876,4.9453,5.6149,5.9219,4.5907,6.2621,2.5325,5.3233,3.9379,0.959,1.67,
2015/8/7,1.061,1.0295,9.0235,4.5872,,4.6783,9.5165,4.8184,2.9469,2.2399,7.2168,4.9975,5.7218,6.0099,4.7422,6.3196,2.6177,5.4503,4.0537,0.96,1.683,
2015/8/14,1.061,1.0295,9.169,4.6801,,5.0061,10.0879,4.9308,2.9526,2.2917,7.6609,5.0522,6.0503,6.1984,4.9219,6.621,2.7536,5.6548,4.2724,0.96,1.718,
2015/8/21,1.061,1.0295,8.8415,4.4732,,4.5371,9.0243,4.4918,2.8308,2.0789,6.8819,4.701,5.513,5.6974,4.4815,6.0162,2.4588,5.1375,3.9135,0.962,1.611,
2015/8/28,1.062,1.0296,8.7178,4.3887,,4.3393,8.1812,4.2777,2.8336,1.9812,6.6293,4.5067,5.2253,5.5106,4.2842,5.4919,2.2931,4.8229,3.682,0.962,1.559,
2015/9/4,1.061,1.0297,8.6014,4.3042,,4.0342,7.6041,4.3687,2.7089,2.0272,6.1446,4.3807,4.9859,5.2875,3.9566,4.9835,2.1407,4.4789,3.3877,0.963,1.46,
2015/9/11,1.06,1.0299,8.6378,4.338,,4.2263,7.9606,4.2937,2.7684,1.9927,6.4883,4.4153,5.2635,5.4606,4.1785,5.3472,2.2359,4.8237,3.5989,0.964,1.544,
2015/9/18,1.06,1.03,8.5723,4.2958,,4.0681,7.6381,4.2241,2.7287,1.9582,6.2944,4.2569,5.1641,5.3225,4.0411,5.0787,2.1558,4.7946,3.5132,0.965,1.523,
2015/9/25,1.0605,1.0301,8.5941,4.3127,,4.1077,7.7399,4.2188,2.7287,1.9553,6.3344,4.2422,5.2456,5.3841,4.0623,5.1715,2.164,4.8684,3.5433,0.967,1.536,
2015/10/2,1.0605,1.0302,8.6014,4.3169,,4.1246,7.9549,4.176,2.7571,1.9323,6.3526,4.371,5.3424,5.4273,4.0763,5.2207,2.1849,5.0037,3.6091,0.967,1.569,
2015/10/9,1.0616,1.0304,8.6669,4.3549,,4.2885,8.3227,4.3098,2.7968,1.9927,6.6357,4.5041,5.5716,5.6081,4.2419,5.5026,2.269,5.2121,3.7823,0.97,1.63,
2015/10/16,1.0616,1.0305,8.7688,4.4183,,4.5653,8.9847,4.4865,2.8393,2.0703,7.0376,4.805,5.9281,5.8496,4.4815,6.021,2.3873,5.6406,4.018,0.977,1.751,
2015/10/23,1.0637,1.0306,8.7833,4.4309,,4.6049,9.2902,4.5614,2.8619,2.1019,7.148,4.919,6.0605,5.874,4.626,6.2014,2.4132,5.7584,4.1153,0.98,1.801,
2015/10/30,1.0637,1.0307,8.7833,4.4309,,4.6049,9.3468,4.5079,2.8931,2.0789,7.1145,5.0054,6.091,5.8843,4.5731,6.1102,2.4452,5.789,4.132,0.983,1.806,
2015/11/6,1.0679,1.0307,8.8852,4.4901,,4.7574,10.0653,4.7649,2.9044,2.1882,7.3695,5.3411,6.3686,6.1232,4.7176,6.5017,2.5602,5.995,4.3492,0.984,1.89,
2015/11/13,1.0669,1.0308,8.8415,4.4774,,4.7744,10.1049,4.706,2.8818,2.1566,7.5405,5.4336,6.4705,6.1655,4.8021,6.5132,2.5796,6.1598,4.3739,0.985,1.982,
2015/11/20,1.07,1.0309,8.9434,4.5323,,5.0061,10.4218,4.7756,2.8959,2.1911,7.7455,5.8042,6.7327,6.2951,5.017,6.786,2.6885,6.2466,4.5218,0.986,2.051,
2015/11/27,1.0658,1.0309,8.7522,4.4267,1.0309,4.8592,9.9861,4.5561,2.8478,2.0875,7.4794,5.8125,6.5723,5.9702,4.8233,6.6754,2.5954,5.9491,4.3375,0.983,2.006,
2015/12/4,1.069,1.031,8.8406,4.4774,1.031,4.8479,10.1785,4.6417,2.8818,2.1278,7.5787,5.733,6.5952,6.0322,4.862,6.6849,2.6634,5.9316,4.3396,0.985,2.055,
2015/12/11,1.0679,1.031,8.7817,4.4436,1.031,4.797,9.9635,4.5882,2.8648,2.1019,7.4712,5.9935,6.585,5.9274,4.8585,6.6821,2.6256,5.8627,4.3553,0.985,2.031,
2015/12/18,1.0732,1.0311,8.9806,4.5507,1.0311,5.0682,10.5802,4.7863,2.9441,2.1997,7.8513,6.3678,6.8346,6.089,5.1404,6.997,2.764,6.1793,4.5738,0.986,2.086,
2015/12/25,1.0775,1.0312,9.0911,4.6064,1.0417,5.1021,10.7329,4.8452,2.9866,2.2284,7.9329,6.3354,6.8601,6.2634,5.1227,6.9895,2.7953,6.219,4.5821,0.988,2.127,
2016/1/1,1.0764,1.0313,9.0469,4.585,1.0417,5.04,10.6254,4.7702,2.9299,2.1968,7.8248,6.3192,6.7811,6.2087,5.0523,6.9883,2.7798,6.1491,4.5298,0.99,2.076,1.228
2016/1/8,1.0637,1.1957,8.5239,4.3137,1.0625,4.4862,9.0865,4.3848,2.6749,2.0157,7.044,5.3843,6.0758,5.6226,4.5238,6.1213,2.3758,5.4136,3.8797,0.983,1.822,1.157
2016/1/15,1.0626,1.1422,8.1629,4.1267,1.0184,4.1811,8.2378,4.0849,2.5219,1.8748,6.5106,5.0479,5.7044,5.2704,4.1785,5.7148,2.2755,5.0095,3.6399,0.984,1.699,1.108
2016/1/22,1.0626,1.1017,8.1997,4.1484,0.9809,4.2254,8.2039,4.0956,2.5591,1.8776,6.5838,5.1313,5.8149,5.3551,4.2354,5.8104,2.2518,5.1593,3.7078,0.984,1.71,1.113
2016/1/29,1.0605,1.0387,7.9197,4.0006,0.9233,4.0078,7.8277,3.9083,2.4343,1.7885,6.3066,4.7988,5.4269,5.0798,4.0222,5.4261,2.1193,4.761,3.4468,0.983,1.637,1.075
2016/2/5,1.0626,1.067,8.0671,4.0788,0.9479,4.1509,8.3189,3.9243,2.4517,1.7971,6.6208,4.9766,5.6273,5.1738,4.1394,5.5994,2.1961,4.9208,3.5816,0.984,1.679,1.095
2016/2/12,1.0626,1.067,8.0671,4.0788,0.9479,4.1509,8.3189,3.9243,2.4517,1.7971,6.6208,4.9766,5.6273,5.1738,4.1394,5.5994,2.1961,4.9208,3.5816,0.984,1.679,1.095
2016/2/19,1.0647,1.11,8.2439,4.1702,0.9858,4.3112,8.8266,4.0314,2.5736,1.8489,6.8538,5.2533,5.8791,5.3813,4.3313,5.9068,2.2957,5.0527,3.7512,0.986,1.72,1.119
2016/2/26,1.0626,1.0736,8.0008,4.0441,0.953,4.1166,8.0324,3.9564,2.4778,1.8144,6.5621,4.9018,5.5142,5.1884,4.1572,5.5455,2.1551,4.7327,3.5544,0.987,1.632,1.086
