date,000300.SH,000905.SH,399314.SZ,399316.SZ,399372.SZ,399373.SZ
2002/1/4,1316.455,,,,,
2002/1/11,1249.814,,,,,
2002/1/18,1149.483,,,,,
2002/1/25,1189.428,,,,,
2002/2/1,1215.743,,,,,
2002/2/8,1235.092,,,,,
2002/3/1,1227.229,,,,,
2002/3/8,1351.854,,,,,
2002/3/15,1338.702,,,,,
2002/3/22,1369.901,,,,,
2002/3/29,1313.466,,,,,
2002/4/5,1332.201,,,,,
2002/4/12,1350.689,,,,,
2002/4/19,1330.642,,,,,
2002/4/26,1331.714,,,,,
2002/4/30,1353.607,,,,,
2002/5/10,1335.451,,,,,
2002/5/17,1277.235,,,,,
2002/5/24,1265.966,,,,,
2002/5/31,1238.577,,,,,
2002/6/7,1252.514,,,,,
2002/6/14,1222.119,,,,,
2002/6/21,1288.522,,,,,
2002/6/28,1431.175,,,,,
2002/7/5,1415.403,,,,,
2002/7/12,1389.45,,,,,
2002/7/19,1403.253,,,,,
2002/7/26,1361.409,,,,,
2002/8/2,1359.993,,,,,
2002/8/9,1350.311,,,,,
2002/8/16,1349.622,,,,,
2002/8/23,1379.419,,,,,
2002/8/30,1361.298,,,,,
2002/9/6,1334.343,,,,,
2002/9/13,1321.809,,,,,
2002/9/20,1305.747,,,,,
2002/9/27,1285.652,,,,,
2002/10/11,1237.14,,,,,
2002/10/18,1233.668,,,,,
2002/10/25,1233.578,,,,,
2002/11/1,1227.849,,,,,
2002/11/8,1232.945,,,,,
2002/11/15,1186.923,,,,,
2002/11/22,1128.072,,,,,
2002/11/29,1164.618,,,,,
2002/12/6,1139.803,,,,,
2002/12/13,1132.079,,,,,
2002/12/20,1157.337,,,,,
2002/12/27,1120.276,,,,,
2003/1/3,1073.524,,,,963.5404,972.2657
2003/1/10,1121.576,,,,1004.8208,1019.6657
2003/1/17,1190.895,,,,1078.083,1092.9435
2003/1/24,1187.694,,,,1071.0916,1096.758
2003/1/29,1207.597,,,,1094.5953,1118.0625
2003/2/14,1213.699,,,,1091.7219,1117.7611
2003/2/21,1191.628,,,,1067.8717,1093.403
2003/2/28,1213.862,,,,1088.3239,1117.3019
2003/3/7,1198.744,,,,1074.4773,1101.5229
2003/3/14,1177.61,,,,1052.0698,1080.5363
2003/3/21,1185.422,,,,1067.6358,1096.2473
2003/3/28,1199.264,,,,1087.2768,1120.1577
2003/4/4,1223.558,,,,1114.4754,1150.4809
2003/4/11,1274.998,,,,1166.2747,1232.1004
2003/4/18,1300.411,,,,1196.4756,1240.7041
2003/4/25,1205.381,,,,1108.6668,1141.2172
2003/4/30,1239.952,,,,1157.3495,1196.8943
2003/5/16,1274.258,,,,1193.5272,1243.5065
2003/5/23,1283.668,,,,1200.6263,1249.2485
2003/5/30,1300.865,,,,1208.2406,1244.7261
2003/6/6,1262.064,,,,1173.6512,1212.0151
2003/6/13,1277.323,,,,1187.9941,1235.3569
2003/6/20,1244.656,,,,1153.3941,1197.3689
2003/6/27,1220.736,,,,1135.054,1169.674
2003/7/4,1229.975,,,,1155.4475,1189.9802
2003/7/11,1255.934,,,,1181.2134,1217.4756
2003/7/18,1241.574,,,,1173.1183,1208.8734
2003/7/25,1218.666,,,,1151.5557,1185.5847
2003/8/1,1226.239,,,,1161.191,1193.493
2003/8/8,1218.112,,,,1151.9583,1184.1087
2003/8/15,1201.323,,,,1135.1922,1163.102
2003/8/22,1191.432,,,,1124.294,1153.2186
2003/8/29,1178.574,,,,1112.0252,1145.2289
2003/9/5,1183.913,,,,1111.2539,1145.5204
2003/9/12,1164.18,,,,1095.2586,1126.6546
2003/9/19,1149.287,,,,1074.5153,1100.697
2003/9/26,1131.295,,,,1058.8492,1089.9241
2003/9/30,1127.144,,,,1058.985,1093.3808
2003/10/10,1155.42,,,,1081.0968,1126.5561
2003/10/17,1128.099,,,,1055.792,1105.4447
2003/10/24,1140.034,,,,1064.7273,1131.3359
2003/10/31,1111.617,,,,1052.355,1125.2791
2003/11/7,1103.777,,,,1047.3861,1144.9345
2003/11/14,1100.016,,,,1039.1097,1143.8215
2003/11/21,1115.469,,,,1044.091,1145.5642
2003/11/28,1142.975,,,,1062.9502,1171.609
2003/12/5,1176.661,,,,1092.0665,1212.256
2003/12/12,1183.107,,,,1105.0661,1231.2027
2003/12/19,1163.64,,,,1097.1531,1240.8791
2003/12/26,1208.523,,,,1127.9404,1291.8683
2004/1/2,1204.613,,,,1121.2004,1297.6859
2004/1/9,1266.406,,,,1172.6717,1378.0283
2004/1/16,1284.296,,,,1190.117,1387.0015
2004/1/30,1281.334,,,,1184.5909,1372.6555
2004/2/6,1347.221,,,,1242.9956,1437.9154
2004/2/13,1342.335,,,,1227.3144,1412.0303
2004/2/20,1391.095,,,,1266.6938,1464.8612
2004/2/27,1351.61,,,,1219.6767,1427.4446
2004/3/5,1341.758,,,,1215.737,1422.1655
2004/3/12,1358.514,,,,1229.8977,1457.1109
2004/3/19,1393.571,,,,1260.4049,1503.6985
2004/3/26,1386.477,,,,1256.2834,1483.7295
2004/4/2,1405.918,,,,1271.8038,1506.7659
2004/4/9,1370.276,,,,1236.8058,1460.7951
2004/4/16,1331.082,,,,1196.5133,1434.4392
2004/4/23,1276.307,,,,1145.9138,1380.0364
2004/4/30,1239.72,,,,1124.7275,1362.0346
2004/5/14,1207.261,,,,1096.3679,1330.222
2004/5/21,1209.213,,,,1091.0694,1326.5761
2004/5/28,1201.721,,,,1088.9112,1332.5353
2004/6/4,1192.776,,,,1078.2325,1321.9123
2004/6/11,1140.528,,,,1032.3704,1271.9046
2004/6/18,1103.403,,,,994.6228,1231.0075
2004/6/25,1081.958,,,,974.1237,1206.5217
2004/7/2,1114.945,,,,1001.326,1259.8376
2004/7/9,1106.915,,,,990.5906,1254.7138
2004/7/16,1132.799,,,,1014.2099,1294.714
2004/7/23,1101.599,,,,985.0617,1255.0964
2004/7/30,1088.677,,,,969.4768,1239.8843
2004/8/6,1088.241,,,,964.8938,1243.6926
2004/8/13,1077.245,,,,960.5892,1237.6265
2004/8/20,1060.229,,,,959.9121,1233.3391
2004/8/27,1039.238,,,,943.5093,1213.1161
2004/9/3,1043.537,,,,937.9192,1210.347
2004/9/10,1015.151,,,,916.9262,1175.9338
2004/9/17,1112.767,,,,1003.3692,1282.2703
2004/9/24,1135.973,,,,1035.7824,1314.3343
2004/9/30,1109.324,,,,1015.5517,1302.0232
2004/10/8,1131.915,,,,1032.6214,1322.4002
2004/10/15,1061.642,,,,958.8729,1244.7933
2004/10/22,1063.143,,,,959.9021,1249.4857
2004/10/29,1050.299,,,,956.4513,1234.8158
2004/11/5,1033.804,,,,941.1345,1207.2158
2004/11/12,1072.619,,,,973.9904,1243.0412
2004/11/19,1091.371,,,,988.2003,1264.3209
2004/11/26,1074.986,,,,968.403,1245.7267
2004/12/3,1058.334,,,,949.2455,1220.1822
2004/12/10,1043.554,,,,942.4927,1219.1003
2004/12/17,1022.996,,,,927.4362,1208.673
2004/12/24,1016.398,,,,912.3721,1194.7834
2004/12/31,1000,,,,901.6755,1186.8661
2005/1/7,983.958,997.606,,,876.7872,1159.8911
2005/1/14,988.306,1000.169,,,882.9655,1169.0037
2005/1/21,982.604,988.519,,,887.3166,1173.1794
2005/1/28,969.209,952.413,,,884.7537,1160.8294
2005/2/4,1016.858,962.028,945.556,674.606,938.5696,1227.3606
2005/2/18,1006.055,964.769,934.847,678.709,922.2975,1209.5046
2005/2/25,1046.761,1024.118,970.463,721.962,960.0639,1254.189
2005/3/4,1023.667,1003.21,950.117,707.067,936.0117,1224.2118
2005/3/11,1027.429,1009.434,952.235,712.868,943.1293,1213.1874
2005/3/18,978.665,949.509,908.003,671.228,903.8406,1168.8028
2005/3/25,962.955,931.417,890.837,657.9,893.2577,1154.076
2005/4/1,978.145,927.546,905.4,653.86,914.807,1179.0209
2005/4/8,1003.445,949.457,927.962,667.228,934.7056,1197.611
2005/4/15,974.082,913.271,902.194,642.836,909.0686,1177.6133
2005/4/22,939.101,857.401,869.168,599.731,880.6375,1149.7027
2005/4/29,932.395,847.611,869.273,592.386,879.3179,1145.0732
2005/5/13,887.543,814.878,829.92,568.234,828.5973,1095.0485
2005/5/20,882.763,819.13,826.292,572.564,822.5529,1089.0189
2005/5/27,849.508,790.998,795.335,555.574,793.6017,1041.9569
2005/6/3,818.033,765.967,764.686,540.341,769.3689,1013.5672
2005/6/10,894.556,831.605,835.588,587.559,838.833,1100.4794
2005/6/17,880.345,800.137,822.399,566.67,831.3105,1104.5063
2005/6/24,898.301,813.203,838.402,576.915,849.9958,1127.5734
2005/7/1,859.494,760.352,804.994,541.466,824.8782,1090.6902
2005/7/8,829.489,722.854,779.68,515.205,805.4791,1063.9465
2005/7/15,841.001,714.488,792.666,508.518,826.447,1078.5943
2005/7/22,859.693,721.445,809.491,513.36,844.0286,1104.1513
2005/7/29,888.164,744.825,834.687,532.323,865.2082,1135.5714
2005/8/5,923.803,787.819,867.076,564.137,894.5644,1168.5016
2005/8/12,938.316,816.386,879.622,583.335,910.4678,1187.1492
2005/8/19,923.038,820.869,863.964,591.181,893.0163,1157.0219
2005/8/26,928.258,840.431,869.29,605.514,886.741,1164.1008
2005/9/2,947.871,872.485,885.076,629.025,896.8553,1181.0038
2005/9/9,949.065,879.503,884.341,634.191,895.8612,1172.2949
2005/9/16,967.495,917.638,898.886,661.953,905.342,1191.0335
2005/9/23,916.154,868.549,851.42,624.214,861.6714,1129.1003
2005/9/30,917.392,869.509,852.015,626.121,868.2336,1128.2539
2005/10/14,904.828,876.053,837.674,631.858,855.0218,1102.7888
2005/10/21,904.414,895.027,837.321,646.401,848.7595,1100.4614
2005/10/28,867.729,825.063,804.853,593.683,822.4066,1063.2281
2005/11/4,878.361,835.122,817.11,601.897,829.7127,1081.0306
2005/11/11,864.79,823.956,804.888,596.5,813.3578,1062.4614
2005/11/18,882.241,843.738,820.689,610.525,828.4674,1091.2644
2005/11/25,884.105,841.13,824.537,608.814,836.5076,1097.7958
2005/12/2,869.936,817.864,810.217,591.259,823.1965,1081.8521
2005/12/9,887.358,819.2,827.173,589.676,841.9824,1103.6552
2005/12/16,902.561,834.537,840.18,600.699,848.8981,1123.4752
2005/12/23,915.89,845.589,853.34,605.926,859.523,1141.0482
2005/12/30,923.451,860.131,860.385,612.952,867.6565,1154.738
2006/1/6,970.032,891.94,903.678,635.441,913.1524,1200.2417
2006/1/13,978.809,932.499,905.402,661.24,917.8647,1201.2759
2006/1/20,993.34,952.769,916.607,673.604,929.1073,1233.996
2006/1/25,1009.597,957.787,929.099,670.72,947.5189,1241.2292
2006/2/10,1032.337,980.801,948.282,685.86,967.1925,1267.1322
2006/2/17,1020.368,949.993,941.465,666.36,966.1377,1255.3271
2006/2/24,1049.444,967.163,968.106,677.743,1001.3928,1306.9192
2006/3/3,1041.677,954.457,961.221,668.733,987.3359,1299.2975
2006/3/10,1008.897,921.683,932.42,643.877,962.8593,1263.8394
2006/3/17,1024.015,943.725,944.636,657.335,972.95,1280.7835
2006/3/24,1042.601,974.269,958.339,679.054,983.3341,1288.1482
2006/3/31,1061.088,1000.251,973.787,692.677,1005.9669,1290.6543
2006/4/7,1103.154,1068.11,1006.866,738.275,1027.0745,1309.2645
2006/4/14,1118.607,1088.183,1023,749.687,1048.5285,1338.5655
2006/4/21,1149.158,1102.547,1051.748,759.934,1078.653,1363.6519
2006/4/28,1172.347,1141.685,1073.025,773.97,1087.1988,1349.2093
2006/5/12,1296.257,1283.677,1177.886,876.481,1171.1519,1458.4407
2006/5/19,1366.097,1365.647,1246.514,931.442,1211.8739,1532.0045
2006/5/26,1331.02,1355.501,1215.444,929.708,1194.6934,1503.935
2006/6/2,1390.116,1457.763,1264.14,1010.696,1232.9251,1564.242
2006/6/9,1294.185,1346.481,1182.259,929.71,1155.9726,1466.3035
2006/6/16,1318.01,1382.41,1207.27,962.064,1188.1596,1478.6808
2006/6/23,1339.446,1430.513,1227.786,997.827,1204.4008,1500.1675
2006/6/30,1393.963,1485.995,1280.631,1041.304,1253.8887,1566.4671
2006/7/7,1410.429,1541.253,1291.234,1083.293,1256.0058,1566.6236
2006/7/14,1357.129,1470.467,1246.669,1033.208,1206.9034,1519.3838
2006/7/21,1356.033,1493.036,1245.641,1051.623,1204.6554,1507.3694
2006/7/28,1341.393,1492.114,1232.733,1054.34,1187.0557,1501.3036
2006/8/4,1241.908,1354.778,1146.717,952.563,1115.8899,1411.29
2006/8/11,1275.654,1398.011,1175.66,983.843,1150.9201,1453.2214
2006/8/18,1267.866,1384.899,1170.794,973.751,1147.1186,1441.6355
2006/8/25,1295.437,1421.095,1193.305,998.88,1171.0513,1449.3735
2006/9/1,1318.099,1451.95,1214.808,1020.683,1190.3833,1473.2965
2006/9/8,1332.153,1473.922,1225.964,1036.266,1206.192,1479.0115
2006/9/15,1362.322,1484.687,1256.669,1042.635,1235.6463,1524.2415
2006/9/22,1374.852,1509.385,1267.339,1062.828,1245.3989,1516.4391
2006/9/29,1403.265,1550.803,1292.6,1089.519,1267.0692,1528.5665
2006/10/13,1430.882,1575.861,1319.353,1113.386,1304.1124,1590.0235
2006/10/20,1440.182,1587.902,1329.693,1123.382,1317.7226,1593.0445
2006/10/27,1439.05,1530.26,1332.417,1080.387,1340.9603,1616.8002
2006/11/3,1488.291,1549.655,1381.394,1092.42,1399.1429,1721.0379
2006/11/10,1504.062,1498.871,1403.445,1050.07,1449.5688,1724.9786
2006/11/17,1562.084,1476.745,1456.509,1033.88,1504.9849,1778.2889
2006/11/24,1636.58,1532.019,1525.729,1064.518,1575.7288,1871.8116
2006/12/1,1729.224,1629.207,1607.71,1118.953,1650.7681,1971.8662
2006/12/8,1711.584,1571.183,1594.46,1082.15,1645.6218,1960.0412
2006/12/15,1867.636,1689.671,1739.315,1155.063,1783.0241,2138.135
2006/12/22,1895.644,1728.396,1768.92,1190.222,1808.8469,2134.4688
2006/12/29,2041.047,1726.146,1913.744,1180.892,1975.7989,2340.5555
2007/1/5,2072.883,1770.475,1940.04,1208.295,1992.4253,2482.3082
2007/1/12,2173.747,1881.753,2030.394,1287.948,2064.2449,2535.7291
2007/1/19,2396.093,2159.638,2224.796,1475.753,2232.4739,2755.896
2007/1/26,2512.922,2186.27,2342.381,1496.969,2419.4011,2886.2483
2007/2/2,2298.003,2127.104,2133.811,1476.144,2160.3175,2646.8447
2007/2/9,2397.245,2287.381,2214.258,1578.666,2207.2458,2724.9836
2007/2/16,2676.735,2541.409,2467.811,1755.694,2467.6671,3120.7648
2007/3/2,2508.729,2503.677,2315.827,1737.718,2275.1308,3052.6623
2007/3/9,2611.393,2638.047,2403.861,1839.039,2374.5233,3116.3538
2007/3/16,2604.226,2710.861,2393.83,1904.401,2335.0959,3095.5706
2007/3/23,2716.266,2897.999,2506.659,2044.848,2438.8471,3291.8111
2007/3/30,2781.784,2926.064,2571.034,2056.84,2511.0748,3367.219
2007/4/6,2972.008,3182.797,2736.195,2231.788,2631.9704,3604.5456
2007/4/13,3169.233,3358.632,2906.951,2357.277,2822.4263,3864.9618
2007/4/20,3289.282,3614.391,3011.931,2543.963,2877.673,4106.4484
2007/4/27,3470.523,3845.813,3179.36,2716.918,2991.5873,4403.4161
2007/4/30,3558.709,3903.689,3242.706,2759.653,3022.0688,4468.6972
2007/5/11,3702.612,4109.403,3386.65,2908.162,3212.8071,4749.7535
2007/5/18,3776.629,4235.185,3450.708,2998.307,3277.6436,4857.1378
2007/5/25,3985.252,4649.857,3639.772,3271.696,3411.3763,5090.6603
2007/6/1,3803.954,3960.442,3499.859,2725.114,3425.7157,4734.0366
2007/6/8,3837.867,4002.868,3540.518,2738.548,3434.3277,4798.2396
2007/6/15,4099.381,4316.53,3777.326,2969.04,3679.1358,5165.995
2007/6/22,4051.426,4123.215,3756.702,2849.231,3658.096,5063.4661
2007/6/29,3764.078,3585.486,3520.026,2470.695,3515.7623,4664.6893
2007/7/6,3710.283,3591.377,3455.92,2464.586,3477.846,4583.5775
2007/7/13,3820.124,3655.845,3562.799,2514.958,3607.6173,4735.6883
2007/7/20,3971.884,3788.744,3707.251,2594.352,3754.2733,4784.8395
2007/7/27,4307.143,4269.767,4008.528,2947.513,4057.7572,5321.7211
2007/8/3,4598.379,4408.047,4283.197,3053.742,4466.8493,5638.5895
2007/8/10,4726.683,4348.811,4403.668,3002.615,4628.3641,5911.8198
2007/8/17,4626.583,4390.883,4296.255,3038.584,4460.0657,5726.9592
2007/8/24,5217.581,4742.953,4843.279,3265.262,5119.3806,6455.7792
2007/8/31,5296.813,4897.636,4899.509,3381.195,5119.3032,6599.619
2007/9/7,5294.795,4939.231,4887.22,3411.455,5060.25,6833.9312
2007/9/14,5397.278,4936.694,4965.105,3399.44,5166.6787,7079.6635
2007/9/21,5468.098,5028.843,5016.341,3450.071,5167.472,7206.8548
2007/9/28,5580.813,5083.65,5126.314,3506.626,5333.7368,7274.3331
2007/10/12,5737.221,4891.386,5294.459,3386.532,5621.8154,7422.2242
2007/10/19,5614.06,4813.952,5192.768,3336.951,5544.5411,7305.6362
2007/10/26,5394.807,4228.946,5029.677,2911.706,5479.2055,6859.8967
2007/11/2,5472.93,4329.631,5085.789,2999.973,5598.3755,6910.1173
2007/11/9,5040.525,4153.236,4690.151,2887.723,5097.8095,6340.9978
2007/11/16,5007.662,4217.228,4657.648,2943.051,5027.6828,6280.1612
2007/11/23,4856.161,4193.98,4505.33,2939.233,4850.5675,6259.8686
2007/11/30,4737.408,4122.932,4396.666,2897.814,4670.466,6094.6822
2007/12/7,5041.35,4362.22,4675.009,3066.95,5005.3732,6552.5968
2007/12/14,4977.652,4499.53,4593.739,3186.313,4866.3725,6455.1826
2007/12/21,5101.852,4691.533,4698.232,3328.74,4947.0564,6714.2228
2007/12/28,5338.275,4947.603,4899.228,3507.841,5163.44,6999.6204
2008/1/4,5483.65,5243.032,5011.106,3716.231,5258.2327,7151.9177
2008/1/11,5699.147,5376.797,5220.318,3796.186,5448.3349,7507.1734
2008/1/18,5414.468,5317.448,4962.906,3788.153,5106.2713,7150.8164
2008/1/25,5077.429,5096.69,4659.206,3605.419,4814.9834,6708.9855
2008/2/1,4571.945,4456.927,4199.464,3138.469,4427.4568,6000.4254
2008/2/5,4921.829,4838.995,4519.376,3417.667,4725.5709,6539.9908
2008/2/15,4813.311,4886.016,4422.896,3475.175,4632.7979,6456.052
2008/2/22,4702.241,5029.198,4290.916,3587.13,4519.1528,6249.0599
2008/2/29,4674.55,5057.617,4273.242,3624.565,4455.082,6230.4252
2008/3/7,4621.685,5115.916,4217.661,3693.991,4400.1222,6098.9702
2008/3/14,4157.871,4662.316,3782.935,3373.965,3951.0755,5462.7421
2008/3/21,4037.83,4405.856,3693.921,3182.852,3895.9967,5383.7687
2008/3/28,3918.156,4241.452,3600.32,3066.282,3777.0872,5236.2834
2008/4/3,3650.698,3588.762,3415.183,2580.917,3526.1496,4981.8867
2008/4/11,3783.728,3862.363,3506.368,2770.886,3661.3836,5098.8026
2008/4/18,3272.499,3338.274,3055.208,2397.081,3185.2009,4382.9345
2008/4/25,3803.07,3756.33,3562.168,2683.437,3685.2381,5190.2557
2008/4/30,3959.119,3903.178,3706.82,2790.661,3859.0586,5401.3076
2008/5/9,3878.924,3986.24,3585.258,2863.428,3799.0777,5236.2878
2008/5/16,3936.121,4071.91,3628.442,2953.94,3846.4947,5302.2655
2008/5/23,3675.147,3829.645,3396.218,2784.295,3571.8021,5062.5691
2008/5/30,3611.33,3755.631,3349.746,2731.62,3522.6132,4983.5597
2008/6/6,3489.502,3629.923,3245.568,2641.223,3449.6124,4790.9077
2008/6/13,2979.117,3045.105,2777.437,2218.717,2961.1441,4097.3969
2008/6/20,2849.668,2764.28,2700.971,2012.126,2869.7511,4054.1906
2008/6/27,2816.021,2792.705,2659.235,2018.094,2784.1214,3925.4342
2008/7/4,2741.852,2941.085,2577.572,2125.157,2751.1038,3755.4132
2008/7/11,2953.498,3132.733,2779.784,2261.65,2988.9949,4049.9823
2008/7/18,2815.462,3015.798,2664.037,2188.986,2866.6086,3862.4538
2008/7/25,2939.202,3172.168,2778.478,2313.472,2963.9883,4068.7145
2008/8/1,2840.788,3063.812,2690.427,2240.96,2831.3138,3949.8049
2008/8/8,2591.462,2711.964,2477.287,1973.572,2542.5724,3668.5835
2008/8/15,2447.615,2473.717,2344.869,1804.476,2394.2542,3475.8201
2008/8/22,2404.928,2382.523,2303.551,1743.631,2334.6165,3414.8226
2008/8/29,2391.64,2307.158,2308.092,1693.464,2337.2254,3426.0756
2008/9/5,2183.432,2148.741,2107.422,1580.515,2123.1362,3167.087
2008/9/12,2077.846,2038.66,2013.375,1495.523,2046.127,3018.4759
2008/9/19,2073.113,2086.826,1999.293,1531.477,2044.203,3007.0825
2008/9/26,2243.657,2136.001,2164.187,1559.69,2288.2963,3307.2529
2008/10/10,1906.96,1837.404,1840.943,1351.905,1919.4578,2825.4664
2008/10/17,1833.262,1726.4,1775.797,1275.056,1825.5201,2731.701
2008/10/24,1781.598,1741.181,1712.216,1294.08,1799.3683,2613.1713
2008/10/31,1663.66,1562.022,1605.731,1166.651,1674.437,2450.7046
2008/11/7,1677.827,1561.221,1629.796,1176.458,1654.9411,2517.8898
2008/11/14,1943.654,1867.485,1877.826,1406.988,1958.2227,2867.677
2008/11/21,1920.735,1921.04,1854.53,1446.162,1929.0834,2803.2671
2008/11/28,1829.924,1841.45,1771.955,1385.485,1900.56,2675.6416
2008/12/5,2013.175,2098.656,1934.897,1573.488,2096.5376,2909.7323
2008/12/12,1960.38,2031.992,1882.597,1525.074,2023.2205,2813.977
2008/12/19,2052.114,2194.994,1967.777,1646.161,2124.7722,2908.0044
2008/12/26,1862.096,1983.757,1787.55,1494.653,1895.3417,2650.8106
2008/12/31,1817.722,1939.433,1752.026,1460.917,1832.0032,2586.1288
2009/1/9,1918.365,2107.766,1840.072,1595.682,1942.675,2712.0113
2009/1/16,1990.214,2195.634,1905.629,1664.756,2018.8868,2844.0677
2009/1/23,2032.682,2238.082,1947.454,1694.415,2074.1341,2943.781
2009/2/6,2237.28,2493.74,2141.084,1892.007,2300.699,3198.4166
2009/2/13,2399.065,2805.01,2286.206,2119.732,2527.236,3332.5558
2009/2/20,2344.32,2776.955,2229.634,2109.374,2478.9852,3273.8307
2009/2/27,2140.489,2416.949,2045.392,1833.433,2205.4244,3029.3439
2009/3/6,2286.576,2653.469,2178.828,2017.032,2402.5259,3237.2468
2009/3/13,2205.422,2569.629,2103.596,1955.202,2288.8521,3088.6867
2009/3/20,2379.838,2784.106,2262.548,2112.034,2515.6413,3298.3151
2009/3/27,2498.931,2877.88,2377.646,2190.478,2640.1317,3488.6767
2009/4/3,2570.503,2934.253,2450.007,2238.517,2712.1298,3569.0899
2009/4/10,2595.53,3009.376,2471.956,2301.82,2751.3683,3531.5066
2009/4/17,2650.691,3119.419,2518.136,2391.634,2841.4311,3618.0825
2009/4/24,2572.888,3036.761,2446.722,2326.462,2711.3708,3522.0229
2009/4/30,2622.926,3086.217,2496.899,2355.17,2769.9402,3584.3947
2009/5/8,2789.219,3257.588,2653.866,2496.552,2944.1244,3828.1119
2009/5/15,2796.116,3270.738,2659.485,2502.48,2960.917,3846.2279
2009/5/22,2740.677,3254.534,2602.169,2489.617,2894.4023,3750.8422
2009/5/27,2759.712,3276.748,2627.119,2506.294,2930.4595,3786.1523
2009/6/5,2939.306,3355.778,2807.907,2558.858,3117.7332,4063.8309
2009/6/12,2906.286,3309.587,2789.454,2528.183,3095.8946,4026.43
2009/6/19,3080.001,3434.055,2965.01,2621.063,3269.856,4297.3457
2009/6/26,3128.421,3448.461,3017.081,2639.341,3303.3965,4393.7577
2009/7/3,3327.135,3584.858,3213.463,2724.442,3567.8844,4633.1761
2009/7/10,3398.31,3719.97,3273.628,2830.599,3691.5474,4640.1862
2009/7/17,3519.809,3852.863,3383.79,2928.416,3778.3801,4753.3232
2009/7/24,3667.556,3907.967,3524.99,2976.982,3905.3335,4951.0507
2009/7/31,3734.622,3928.584,3592.689,2991.945,3980.8537,5184.4385
2009/8/7,3555.095,3893.125,3406.47,2954.908,3781.6392,4820.9444
2009/8/14,3344.462,3609.698,3207.244,2739.692,3603.1446,4550.3505
2009/8/21,3203.624,3468.042,3077.153,2625.545,3395.634,4410.8675
2009/8/28,3046.781,3531.41,2918.544,2684.041,3196.4152,4102.999
2009/9/4,3077.142,3489.063,2957.418,2654.985,3243.169,4178.1475
2009/9/11,3238.133,3641.816,3111.496,2766.711,3442.5913,4388.6397
2009/9/18,3199.689,3739.732,3065.495,2854.151,3380.7389,4267.7873
2009/9/25,3058.528,3536.811,2940.997,2696.886,3229.5131,4123.7199
2009/9/30,3004.805,3400.623,2894.675,2577.913,3190.3726,4079.8919
2009/10/9,3163.708,3576.444,3045.178,2712.692,3372.3928,4268.148
2009/10/16,3241.709,3716.897,3116.427,2831.809,3459.8898,4346.0957
2009/10/23,3413.252,3908.435,3277.056,2980.516,3652.9362,4551.3786
2009/10/30,3280.372,3827.683,3151.395,2915.199,3517.3853,4397.5084
2009/11/6,3483.021,4145.137,3339.376,3146.423,3729.3715,4610.7377
2009/11/13,3518.722,4267.008,3370.723,3249.091,3751.8873,4623.4483
2009/11/20,3631.013,4508.293,3471.548,3436.385,3870.2303,4782.2244
2009/11/27,3382.51,4215.338,3236.705,3199.206,3613.0413,4482.9036
2009/12/4,3643.491,4506.082,3489.827,3433.995,3925.7845,4789.9594
2009/12/11,3575.02,4534.763,3416.762,3453.633,3846.9119,4674.2394
2009/12/18,3391.735,4203.48,3256.448,3211.712,3620.7889,4605.2191
2009/12/25,3424.783,4376.193,3279.954,3333.901,3663.2645,4621.6179
2009/12/31,3575.684,4485.255,3431.222,3418.972,3810.1467,4875.0831
2010/1/8,3480.13,4514.452,3329.261,3431.48,3692.888,4683.236
2010/1/15,3482.738,4747.648,3319.218,3613.95,3648.265,4590.773
2010/1/22,3366.197,4537.88,3219.968,3464.779,3517.161,4548.796
2010/1/29,3204.155,4374.649,3061.176,3319.783,3335.729,4243.658
2010/2/5,3153.087,4311.293,3016.984,3293.363,3285.425,4194.109
2010/2/12,3251.278,4416.219,3106.721,3375.773,3393.457,4311.464
2010/2/26,3281.666,4634.671,3125.75,3577.614,3415.322,4355.871
2010/3/5,3259.764,4604.586,3105.421,3556.733,3399.344,4339.776
2010/3/12,3233.126,4492.861,3087.181,3477.324,3382.746,4333.272
2010/3/19,3293.871,4663.903,3143.108,3615.527,3443.024,4384.405
2010/3/26,3275.002,4686.931,3125.199,3628.714,3418.974,4376.903
2010/4/2,3407.346,4843.175,3248.59,3758.026,3580.368,4538.955
2010/4/9,3379.17,4939.176,3213.165,3828.459,3516.29,4466.288
2010/4/16,3356.332,4898.67,3190.741,3811.967,3472.872,4389.789
2010/4/23,3190.003,4864.164,3022.777,3785.887,3253.769,4026.941
2010/4/30,3067.365,4438.681,2921.011,3437.814,3159.475,3998.659
2010/5/7,2836.789,4350.758,2692.127,3372.52,2862.999,3680.123
2010/5/14,2868.023,4184.841,2734.723,3229.945,2921.164,3777.676
2010/5/21,2768.791,3982.385,2646.582,3041.616,2835.715,3672.601
2010/5/28,2850.302,4235.322,2715.954,3247.577,2912.388,3723.823
2010/6/4,2744.391,4089.035,2621.814,3120.676,2803.181,3554.531
2010/6/11,2758.866,4197.995,2628.952,3212.637,2800.335,3531.76
2010/6/18,2696.166,3972.286,2580.753,3056.151,2757.444,3513.655
2010/6/25,2736.287,4028.433,2626.229,3099.467,2804.119,3593.317
2010/7/2,2534.105,3585.576,2448,2750.136,2599.283,3405.178
2010/7/9,2647.104,3807.604,2557.359,2916.509,2746.711,3561.634
2010/7/16,2616.128,3757.432,2529.747,2886.985,2733.966,3515.81
2010/7/23,2793.076,4015.467,2698.543,3096.905,2941.321,3731.741
2010/7/30,2868.846,4191.13,2769.452,3225.33,3007.734,3806.683
2010/8/6,2897.659,4356.012,2787.699,3358.08,3029.629,3789.448
2010/8/13,2855.547,4323.052,2743.121,3329.373,2996.084,3682.422
2010/8/20,2898.333,4366.604,2782.591,3371.477,3057.546,3756.396
2010/8/27,2858.566,4431.444,2740.559,3426.894,3004.621,3667.797
2010/9/3,2920.205,4662.96,2793.168,3602.674,3074.213,3684.645
2010/9/10,2932.554,4705.31,2796.596,3651.511,3043.542,3644.976
2010/9/17,2861.369,4603.489,2725.212,3562.333,2932.732,3509.892
2010/9/21,2857.476,4546.724,2727.318,3510.67,2944.403,3519.126
2010/9/30,2935.574,4660.605,2799.989,3611.047,3024.174,3554.904
2010/10/8,3044.233,4767.967,2904.154,3696.54,3146.695,3679.729
2010/10/15,3327.683,4691.45,3193.511,3658.615,3479.86,4150.076
2010/10/22,3378.655,4877.927,3236.485,3792.845,3544.006,4148.182
2010/10/29,3379.983,5055.492,3224.379,3925.361,3527.455,4099.743
2010/11/5,3520.798,5311.77,3352.648,4120.742,3657.196,4257.326
2010/11/12,3291.833,5111.189,3134.767,3934.004,3375.769,3967.46
2010/11/19,3178.846,5081.03,3024.634,3895.391,3248.899,3824.167
2010/11/26,3194.853,5227.648,3034.331,4033.037,3291.43,3786.785
2010/12/3,3158.156,5100.366,3005.686,3933.29,3249.271,3753.952
2010/12/10,3161.977,5039.165,3012.488,3885.865,3221.771,3731.877
2010/12/17,3225.661,5228.337,3058.937,4035.853,3289.601,3782.694
2010/12/24,3162.955,4991.544,3007.652,3851.295,3252.014,3766.725
2010/12/31,3128.261,4936.716,2973.2,3805.174,3197.499,3685.953
2011/1/7,3166.624,4975.144,3006.883,3844.565,3259.776,3785.657
2011/1/14,3091.862,4723.426,2944.855,3664.821,3187.547,3756.24
2011/1/21,2983.456,4506.322,2844.7,3518.509,3064.453,3660.842
2011/1/28,3036.735,4548.206,2893.911,3542.696,3123.177,3709.305
2011/2/1,3077.283,4630.58,2929.2,3614.055,3159.817,3743.127
2011/2/11,3120.956,4786.806,2966.784,3741.559,3215.347,3771.391
2011/2/18,3211.876,4941.432,3049.183,3860.448,3283.374,3871.567
2011/2/25,3197.617,5032.797,3032.623,3933.657,3248.418,3829.033
2011/3/4,3270.666,5067.621,3114.055,3980.201,3339.569,3985.087
2011/3/11,3247.376,5139.746,3087.693,4038.4,3320.252,3928.264
2011/3/18,3215.685,5126.934,3057.902,4030.004,3313.96,3891.091
2011/3/25,3294.484,5212.345,3134.314,4113.789,3388.554,4009.852
2011/4/1,3272.729,5065.076,3125.094,4017.771,3363.646,4065.477
2011/4/8,3353.358,5148.799,3206.413,4085.617,3423.815,4174.751
2011/4/15,3358.944,5162.415,3220.416,4087.146,3401.769,4229.975
2011/4/22,3299.942,5165.123,3161.936,4082.821,3351.612,4128.826
2011/4/29,3192.723,4836.866,3072.097,3811.413,3268.406,4061.342
2011/5/6,3121.396,4849.969,3004.735,3836.633,3173.272,3943.115
2011/5/13,3128.093,4902.564,3009.34,3887.238,3179.036,3944.565
2011/5/20,3121.596,4863.185,3005.54,3862.525,3200.913,3950.234
2011/5/27,2963.308,4428.894,2861.936,3507.286,3033.244,3783.288
2011/6/3,2986.349,4506.196,2881.415,3571.709,3060.322,3757.536
2011/6/10,2961.932,4469.049,2866.248,3556.691,3033.703,3716.344
2011/6/17,2892.157,4337.367,2811.752,3450.629,2983.692,3663.335
2011/6/24,3027.47,4509.18,2947.568,3586.41,3136.795,3861.969
2011/7/1,3049.745,4604.746,2962.649,3683.109,3159.744,3834.662
2011/7/8,3109.183,4756.614,3024.04,3800.35,3233.88,3894.866
2011/7/15,3128.889,4896.043,3043.564,3916.709,3254.984,3876.176
2011/7/22,3067.985,4800.938,2985.837,3851.31,3206.688,3783.844
2011/7/29,2972.079,4628.32,2892.502,3702.467,3114.252,3677.742
2011/8/5,2897.417,4559.018,2814.687,3655.216,3063.213,3547.707
2011/8/12,2875.365,4505.886,2795.744,3602.758,3070.338,3524.493
2011/8/19,2807.664,4395.019,2734.225,3512.111,3002.333,3471.657
2011/8/26,2901.216,4530.423,2823.249,3629.793,3077.472,3630.984
2011/9/2,2803.854,4344.977,2733.646,3488.065,2988.304,3519.794
2011/9/9,2751.095,4233.748,2682.135,3412.516,2918.689,3498.229
2011/9/16,2733.987,4214.816,2666.002,3408.522,2886.125,3488.428
2011/9/23,2669.478,4117.735,2599.686,3338.145,2807.475,3409.028
2011/9/30,2581.351,3856.828,2517.158,3107.036,2733.896,3329.207
2011/10/14,2653.782,3985.193,2590.192,3225.142,2755.048,3451.177
2011/10/21,2507.877,3671.695,2456.883,2962.666,2594.283,3343.245
2011/10/28,2709.017,3978.8,2654.909,3198.1,2818.741,3580.809
2011/11/4,2763.746,4131.13,2701.896,3309.896,2844.948,3623.183
2011/11/11,2695.002,4062.144,2633.893,3256.929,2770.078,3526.398
2011/11/18,2606.495,3963.258,2544.722,3189.899,2673.463,3412.152
2011/11/25,2569.973,3911.356,2511.496,3139.243,2641.394,3359.376
2011/12/2,2557.311,3817.041,2506.776,3061.265,2633.619,3380.051
2011/12/9,2503.461,3663.843,2459.894,2936.824,2562.182,3372.522
2011/12/16,2390.129,3427.214,2359.811,2720.247,2475.309,3297.663
2011/12/23,2359.159,3327.394,2336.542,2631.819,2468.931,3294.318
2011/12/30,2345.742,3266.775,2327.529,2574.52,2447.257,3296.188
2012/1/6,2290.601,3087.546,2287.661,2420.928,2397.793,3295.441
2012/1/13,2394.334,3233.701,2387.81,2545.344,2515.042,3402.657
2012/1/20,2504.086,3315.603,2501.498,2605.272,2642.035,3570.47
2012/2/3,2506.09,3383.05,2501.79,2660.601,2647.425,3560.007
2012/2/10,2533.624,3488.229,2522.903,2753.082,2676.471,3558.354
2012/2/17,2537.086,3565.306,2519.29,2823.844,2662.83,3530.534
2012/2/24,2648.017,3756.825,2624.04,2957.53,2797.827,3644.824
2012/3/2,2679.934,3794.416,2654.426,2981.172,2838.436,3697.905
2012/3/9,2664.302,3848.108,2631.99,3037.557,2830.203,3633.45
2012/3/16,2623.52,3786.617,2592.864,2974.829,2791.052,3557.345
2012/3/23,2552.94,3670.129,2524.932,2890.421,2709.679,3478.385
2012/3/30,2454.899,3416.856,2439.502,2680.647,2605.291,3435.039
2012/4/6,2519.83,3554.027,2499.814,2790.731,2686.238,3475.175
2012/4/13,2580.454,3675.028,2558.76,2897.696,2753.314,3544.232
2012/4/20,2626.839,3736.365,2602.127,2964.404,2793.106,3616.781
2012/4/27,2626.157,3664.638,2603.637,2918.876,2819.545,3628.029
2012/5/4,2715.879,3758.004,2689.04,2986.41,2930.115,3702.44
2012/5/11,2636.917,3715.385,2609.677,2946.072,2841.296,3589.34
2012/5/18,2573.976,3655.858,2551.229,2903.896,2777.331,3521.054
2012/5/25,2573.103,3635.516,2549.262,2881.46,2776.999,3516.447
2012/6/1,2632.998,3744.437,2609.543,2963.385,2858.736,3567.954
2012/6/8,2524.329,3564.158,2513.544,2821.044,2751.909,3439.047
2012/6/15,2568.054,3648.994,2567.053,2888.687,2832.4,3508.026
2012/6/21,2512.185,3590.837,2518.602,2836.754,2774.076,3460.627
2012/6/29,2461.612,3470.965,2484.7,2750.214,2735.662,3444.259
2012/7/6,2472.614,3486.546,2500.692,2759.999,2781.201,3452.94
2012/7/13,2450.633,3435.084,2479.338,2719.092,2765.473,3403.476
2012/7/20,2398.455,3369.913,2429.767,2676.762,2668.574,3355.053
2012/7/27,2349.108,3283.592,2379.126,2608.705,2619.488,3295.5
2012/8/3,2353.737,3259.856,2390.823,2579.531,2632.578,3331.222
2012/8/10,2399.751,3395.849,2432.101,2711.336,2680.714,3356.059
2012/8/17,2313.476,3286.778,2347.19,2625.282,2575.865,3272.718
2012/8/24,2275.677,3265.749,2307.693,2611.107,2522.292,3201.295
2012/8/31,2204.868,3139.5,2238.918,2507.658,2435.433,3188.473
2012/9/7,2317.179,3334.66,2349.994,2662.493,2574.926,3284.481
2012/9/14,2315.542,3338.038,2344.778,2668.169,2561.426,3251.268
2012/9/21,2199.063,3143.71,2232.021,2500.907,2437.261,3108.642
2012/9/28,2293.106,3199.752,2329.86,2540.216,2554.669,3233.848
2012/10/12,2304.531,3240.399,2339.853,2579.863,2556.703,3254.913
2012/10/19,2332.47,3285.445,2368.423,2612.048,2615.388,3300.532
2012/10/26,2247.907,3163.295,2286.178,2515.444,2512.009,3224.615
2012/11/2,2306.774,3249.552,2345.507,2584.395,2595.58,3327.205
2012/11/9,2240.924,3116.978,2282.372,2476.278,2530.526,3262.753
2012/11/16,2177.24,3009.153,2222.179,2386.568,2459.322,3195.058
2012/11/23,2192.676,3005.459,2240.324,2387.848,2464.724,3239.348
2012/11/30,2139.661,2816.624,2194.164,2221.907,2428.242,3239.051
2012/12/7,2246.757,2950.193,2304.935,2331.353,2543.088,3434.783
2012/12/14,2355.865,3066.231,2419.373,2422.622,2680.917,3636.452
2012/12/21,2372.002,3101.074,2433.087,2445.9,2711.531,3629.96
2012/12/28,2480.049,3235.195,2542.612,2557.113,2826.497,3811.228
2013/1/4,2524.409,3258.251,2597.975,2566.119,2888.282,3922.746
2013/1/11,2483.23,3271.179,2546.499,2587.513,2837.271,3822.93
2013/1/18,2595.439,3464.645,2655.152,2739.099,2976.855,3961.751
2013/1/25,2571.674,3364.061,2639.122,2652.951,2934.914,4032.599
2013/2/1,2743.324,3507.709,2826.339,2765.863,3146.716,4384.155
2013/2/8,2771.725,3608.589,2841.061,2841.116,3182.476,4311.657
2013/2/22,2596.604,3548.358,2648.894,2793.782,2948.47,3987.504
2013/3/1,2668.836,3648.422,2724.306,2876.279,3036.354,4146.387
2013/3/8,2606.927,3570.38,2661.6,2823.14,2972.484,4054.46
2013/3/15,2539.873,3471.214,2587.784,2744.782,2867.822,3935.786
2013/3/22,2618.308,3579.92,2667.565,2831.417,2973.735,4082.765
2013/3/29,2495.083,3447.285,2535.494,2738.587,2805.649,3847.688
2013/4/3,2483.547,3397.232,2528.963,2695.01,2797.217,3860.098
2013/4/12,2462.112,3394.517,2507.162,2686.078,2810.468,3814.912
2013/4/19,2533.827,3495.242,2578.98,2768.888,2905.811,3928.294
2013/4/26,2447.306,3367.766,2490.071,2666.133,2786.596,3804.599
2013/5/3,2492.912,3448.64,2535.897,2734.474,2841.13,3884.031
2013/5/10,2540.836,3577.327,2577.398,2854.316,2899.089,3929.378
2013/5/17,2592.048,3691.399,2620.18,2935.56,2924.384,4000.86
2013/5/24,2597.228,3782.071,2618.561,3008.4,2936.361,3965.315
2013/5/31,2606.426,3841.218,2631.605,3046.484,2932.97,3985.531
2013/6/7,2484.16,3616.21,2520.469,2882.933,2804.27,3823.824
2013/6/14,2416.771,3584.978,2452.136,2856.843,2736.177,3715.901
2013/6/21,2317.394,3446.483,2358.409,2762.315,2646.026,3530.15
2013/6/28,2200.639,3235.978,2248.947,2599.719,2513.356,3401.918
2013/7/5,2226.849,3371.529,2271.922,2712.022,2534.171,3395.982
2013/7/12,2275.373,3425.135,2335.557,2754.05,2612.566,3508.892
2013/7/19,2190.478,3394.306,2243.024,2727.887,2473.895,3352.253
2013/7/26,2224.008,3494.159,2281.097,2812.113,2512.436,3370.672
2013/8/2,2247.263,3533.609,2304.049,2847.858,2535.954,3410.061
2013/8/9,2286.01,3618.744,2338.692,2919.082,2576.469,3427.772
2013/8/16,2304.144,3554.348,2368.495,2869.447,2630.722,3535.661
2013/8/23,2286.929,3627.97,2347.131,2941.08,2611.994,3485.042
2013/8/30,2313.91,3664.148,2383.92,2958.314,2622.283,3546.399
2013/9/6,2357.782,3792.832,2425.762,3074.831,2668.667,3643.548
2013/9/13,2488.902,3849.82,2578.035,3103.619,2807.446,3932.333
2013/9/18,2432.51,3822.123,2514.844,3099.639,2734.341,3821.094
2013/9/27,2394.971,3822.758,2467.529,3120.03,2672.777,3676.464
2013/9/30,2409.037,3872.893,2477.312,3174.6,2680.292,3684.054
2013/10/11,2468.508,4026.916,2532.971,3273.596,2735.211,3761.792
2013/10/18,2426.054,3970.641,2485.686,3236.881,2678.821,3672.021
2013/10/25,2368.559,3821.779,2434.234,3102.33,2646.514,3649.116
2013/11/1,2384.96,3702.445,2463.368,2991.282,2669.339,3769.729
2013/11/8,2307.945,3629.94,2383.129,2944.426,2582.111,3649.949
2013/11/15,2350.734,3736.452,2422.258,3027.07,2619.47,3656.415
2013/11/22,2397.962,3842.756,2469.665,3121.09,2633.149,3748.172
2013/11/29,2438.944,3946.383,2503.682,3200.376,2673.327,3779.833
2013/12/6,2452.287,3918.783,2523.817,3116.446,2684.592,3831.951
2013/12/13,2406.639,3925.434,2470.853,3147.771,2640.404,3741.389
2013/12/20,2278.136,3747.002,2340.89,3015.245,2498.898,3542.029
2013/12/27,2303.478,3800.774,2364.192,3041.24,2514.556,3568.713
2014/1/3,2290.779,3816.316,2348.416,3076.856,2508.111,3527.4
2014/1/10,2204.851,3628.634,2270.853,2954.952,2446.69,3440.399
2014/1/17,2178.488,3671.915,2242.692,2991.233,2401.664,3390.444
2014/1/24,2245.678,3882.668,2305.478,3169.243,2464.065,3443.737
2014/1/30,2202.45,3885.416,2261.383,3172.049,2412.796,3400.402
2014/2/7,2212.483,3957.671,2268.048,3241.617,2421.134,3390.672
2014/2/14,2295.575,4134.16,2347.834,3358.078,2523.767,3516.695
2014/2/21,2264.294,4121.917,2314.492,3365.734,2479.179,3461.668
2014/2/28,2178.971,3975.929,2224.584,3238.611,2367.362,3348.97
2014/3/7,2168.358,4012.447,2214.726,3282.032,2362.7,3332.153
2014/3/14,2122.836,3888.975,2173.449,3168.921,2349.939,3279.836
2014/3/21,2158.798,3952.392,2205.194,3221.904,2372.868,3378.113
2014/3/28,2151.965,3865.295,2201.693,3113.01,2369.159,3419.232
2014/4/4,2185.472,3939.229,2235.098,3172.324,2409.797,3451.803
2014/4/11,2270.666,4021.194,2328.168,3226.837,2513.606,3615.216
2014/4/18,2224.479,4029.262,2275.319,3243.345,2452.282,3503.451
2014/4/25,2167.826,3800.681,2225.126,3045.076,2417.876,3487.393
2014/4/30,2158.659,3766.17,2217.039,3016.768,2408.604,3475.31
2014/5/9,2133.911,3716.022,2194.306,2977.987,2362.43,3434.683
2014/5/16,2145.952,3726.656,2205.28,2976.488,2371.956,3466.017
2014/5/23,2148.414,3786.563,2205.642,3043.35,2358.684,3474.438
2014/5/30,2156.464,3829.238,2211.281,3085.656,2358.123,3484.456
2014/6/6,2134.716,3818.333,2190.735,3085.563,2337.65,3455.532
2014/6/13,2176.242,3891.557,2235.966,3152.729,2384.466,3532.048
2014/6/20,2136.729,3789.342,2198.928,3065.075,2357.641,3489.359
2014/6/27,2150.258,3889.323,2205.324,3163.347,2355.713,3459.211
2014/7/4,2178.695,4004.561,2229.725,3258.94,2374.82,3496.692
2014/7/11,2148.009,4029.751,2192.477,3276.729,2317.807,3451.039
2014/7/18,2164.144,4042.521,2205.561,3283.015,2343.217,3485.336
2014/7/25,2260.454,4089.801,2303.985,3322.805,2454.378,3670.907
2014/8/1,2329.402,4210.219,2379.687,3407.443,2537.046,3780.597
2014/8/8,2331.134,4311.697,2376.092,3492.92,2517.63,3735.14
2014/8/15,2360.635,4423.636,2402.101,3593.296,2530.895,3766.491
2014/8/22,2365.364,4521.752,2404.629,3678.673,2533.786,3731.825
2014/8/29,2338.287,4427.879,2379.289,3595.462,2499.378,3696.691
2014/9/5,2449.259,4666.474,2491.731,3784.322,2609.938,3859.889
2014/9/12,2438.358,4756.949,2474.13,3868.918,2568.949,3807.657
2014/9/19,2425.211,4758.727,2455.533,3879.154,2546.184,3796.572
2014/9/26,2437.201,4829.935,2463.241,3948.45,2533.127,3775.105
2014/9/30,2450.988,4916.119,2472.5,4015.004,2538.092,3776.972
2014/10/10,2466.789,4981.853,2487.612,4076.001,2559.905,3793.377
2014/10/17,2441.732,4860.732,2465.876,3982.674,2524.782,3763.741
2014/10/24,2390.706,4774.666,2417.906,3900.025,2476.964,3716.863
2014/10/31,2508.325,4986.416,2531.196,4105.387,2575.402,3932.48
2014/11/7,2502.153,4977.255,2523.224,4104.156,2537.682,3902.82
2014/11/14,2581.093,4909.609,2606.535,4037.59,2627.287,4091.919
2014/11/21,2583.455,5029.773,2605.428,4149.958,2600.585,4033.833
2014/11/28,2808.819,5245.267,2845.518,4317.818,2823.494,4479.546
2014/12/5,3124.885,5333.892,3191.676,4363.534,3095.81,5066.912
2014/12/12,3193.227,5493.2,3246.296,4487.326,3125.08,5075.757
2014/12/19,3383.167,5524.122,3452.515,4481.796,3263.296,5584.132
2014/12/26,3445.839,5422.751,3539.42,4390.105,3364.492,5764.433
2014/12/31,3533.705,5322.714,3645.505,4318.578,3498.838,6084.932
2015/1/9,3546.723,5409.058,3661.447,4385.405,3493.548,6059.966
2015/1/16,3635.146,5520.123,3773.442,4446.189,3591.197,6243.569
2015/1/23,3571.732,5633.289,3702.948,4555.547,3536.546,6016.704
2015/1/30,3434.39,5632.728,3540.078,4570.205,3384.605,5656.758
2015/2/6,3312.42,5534.785,3418.512,4499.467,3274.474,5390.042
2015/2/13,3469.828,5769.272,3580.208,4678.217,3426.107,5615.666
2015/2/17,3522.322,5911.098,3635.673,4795.512,3478.045,5661.943
2015/2/27,3572.843,6018.463,3682.509,4890.825,3512.28,5736.862
2015/3/6,3478.52,6133.026,3564.293,5008.817,3385.487,5473.1
2015/3/13,3617.657,6329.576,3711.753,5204.55,3590.471,5797.645
2015/3/20,3892.574,6850.897,3988.982,5639.528,3790.68,6215.102
2015/3/27,3971.697,7155.945,4050.142,5893.583,3844.768,6277.735
2015/4/3,4170.538,7679.01,4253.318,6363.032,4027.062,6493.526
2015/4/10,4344.416,7952.189,4433.458,6578.193,4197.921,6895.999
2015/4/17,4596.136,7980.76,4701.546,6569.457,4409.224,7577.7
2015/4/24,4702.641,8419.095,4801.585,6889.972,4471.186,7477.588
2015/4/30,4749.886,8469.673,4873.596,6928.092,4548.328,7694.408
2015/5/8,4558.404,8201.293,4683.392,6775.177,4395.606,7279.801
2015/5/15,4617.47,8742.885,4724.516,7279.822,4415.988,7188.748
2015/5/22,4951.335,9778.171,5047.946,8101.769,4784.112,7598.149
2015/5/29,4840.829,9966.845,4899.494,8274.828,4631.298,7295.387
2015/6/5,5230.552,11144.52,5278.756,9265.177,4934.247,7897.147
2015/6/12,5335.1151,11545.8906,5361.139,9653.192,5049.713,7979.12
2015/6/19,4637.0517,9987.4074,4650.073,8427.204,4376.995,6960.216
2015/6/26,4336.1947,9078.0648,4360.112,7649.196,4146.999,6710.784
2015/7/3,3885.9169,7355.491,3944.727,6173.823,3936.749,6269.853
2015/7/10,4106.5561,7244.7842,4199.11,5924.514,4132.998,6993.261
2015/7/17,4151.4956,7994.6971,4219.139,6527.661,4161.79,6767.123
2015/7/24,4176.2787,8425.0739,4222.231,7007.373,4111.334,6666.857
2015/7/31,3816.6993,7727.0608,3855.003,6342.207,3831.599,6071.505
2015/8/7,3906.9448,8013.3187,3933.036,6604.617,3917.01,6203.997
2015/8/14,4073.54,8625.2423,4088.832,7108.277,3965.804,6322.575
2015/8/21,3589.5358,7612.9024,3603.351,6260.122,3561.466,5676.423
2015/8/28,3342.2863,6842.8938,3359.641,5640.571,3389.62,5448.498
2015/9/2,3365.8318,6122.5533,3396.324,5006.115,3448.076,5727.581
2015/9/11,3347.1878,6493.3191,3375.202,5399.878,3427.887,5544.88
2015/9/18,3251.2732,6036.8814,3297.2,5037.333,3347.532,5510.438
2015/9/25,3231.9514,6108.3764,3274.52,5105.165,3325.772,5452.343
2015/9/30,3202.9475,6123.7274,3244.053,5122.365,3321.614,5362.73
2015/10/9,3340.1159,6470.0514,3379.956,5409.969,3428.18,5518.198
2015/10/16,3534.0653,7047.5599,3571.058,5903.859,3603.408,5702.318
2015/10/23,3571.2411,7138.2344,3606.511,6011.279,3633.127,5758.653
2015/10/30,3534.0788,7084.9706,3572.844,6005.492,3600.616,5688.274
2015/11/6,3793.3739,7446.8471,3846.784,6303.362,3856.514,6020.654
2015/11/13,3746.2422,7567.108,3797.413,6448.294,3817.449,5917.866
2015/11/20,3774.3833,7806.2655,3821.013,6690.447,3871.832,5995.859
2015/11/27,3556.9924,7376.1243,3599.929,6329.812,3678.074,5694.294
2015/12/4,3677.5922,7511.6749,3727.597,6449.737,3859.877,5998.832
2015/12/11,3608.0587,7290.7017,3664.04,6312.152,3823.263,5888.103
2015/12/18,3767.9128,7699.37,3823.353,6680.305,4011.849,6112.79
2015/12/25,3838.201,7792.1244,3907.104,6742.595,4125.423,6275.314
2015/12/31,3731.0047,7617.689,3798.821,6623.458,4027.519,6118.317
2016/1/8,3361.5632,6570.4316,3429.196,5604.568,3620.947,5727.641
2016/1/15,3118.7301,5893.6815,3188.767,5015.982,3398.654,5385.178
2016/1/22,3113.4626,5980.6111,3184.142,5088.192,3376.602,5353.787
2016/1/29,2946.0902,5469.1254,3013.444,4639.203,3231.101,5169.682
2016/2/5,2963.7894,5664.1971,3022.224,4841.073,3279.634,5146.121
2016/2/19,3051.585,5979.5164,3108.362,5143.592,3368.179,5214.563
2016/2/26,2948.0306,5648.9376,3001.867,4843.545,3255.207,5114.779
